Workbook

Sheet     2025학년도 입결 분석    
F1: 2025학년도 정시 입결 (70% 컷) 분석 25. 12. 7 | AH1: 제작 및 검토 < 베텔기우스 > | BA1: =IF(I6="","-non",I6) -> -non
BA2: =IF(I7="","-non",I7) -> -non
AH3: Betelgeuse058.tistory.com
N4: 1. 본 자료는, 25학년도 정시 입결(대학별 환산점수)을 → '25학년도 수능'의 표준점수와 백분위로 역환산한 산출내역입니다. | BA4: =IF(I8="","-non",I8) -> -non
I5: 대학명 강조 | J5: 학과명 강조 | N5: (대학별 환산점수는 각 대학에서 공식 발표한 70%컷 입시결과입니다.) | BA5: =IF(J6="","-non",J6) -> -non
H6: 1 | N6: 2. 모든 학과의 역환산 산출내역(표점입결, 백분위입결)은, 각 대학의 환산공식에 따라 역으로 계산된 자동산출 결과이며, 이는 올해의 원점수 표준점수 백분위점수로 변환 후 예상입결을 산출하는데 사용됩니다. | BA6: =IF(J7="","-non",J7) -> -non
H7: 2 | N7: 3. 국.수.탐 백분위가 동일할때의 역환산 결과이며, 과목별 반영비율에 따른 유불리는 '환산점수 배치표 탭'을 참고 바랍니다. | BA7: =IF(J8="","-non",J8) -> -non
H8: 3 | N8: 4. 실제 입시결과이므로, 일부 학과는 적정한 위치보다 높거나 낮은곳에 위치할 수 있습니다 | AZ8: .
AL9: 의대 감원에 따른 입결변화 예측
M10: 입시결과 역환산 산출내역
B11: 자연 누적 (추정치) | D11: 의대감원 | E11: 25입시결과 | H11: 26수능 표준점수 | I11: 대학 | J11: 학과 | K11: 계열 | L11: 모집인원 | M11: 대학별 | O11: 반영방법 | R11: 반영비율 | U11: 백분위 | V11: 표준점수 | Y11: 변표 | Z11: 등급 점수 | AF11: 가산점 | AH11: 비고 | AN11: 감원 | AO11: 감소인원(누적) | AR11: 누적 백분율 변화
D12: 영향 | E12: 자연→인문 | F12: 계열 | G12: 계열 | M12: 환산점수 / | N12: 만점 | O12: 국.수 | P12: 탐구 | R12: 국 | S12: 수 | T12: 탐 | U12: 국.수.탐 | V12: 국어 | W12: 수학 | X12: 탐구 | Y12: 탐구 | Z12: 영어 | AA12: 점수 | AB12: 한국사 | AC12: 점수 | AD12: 제2외국 | AE12: 점수 | AF12: 미기,과탐 | AN12: 영향력 | AO12: 정시모집+수시합격 예상인원 | AR12: (추정치)
B13: (%) | C13: (명) | D13: (명) | E13: 교차표점 | F13: 백분위 | G13: 표준점수 | AG13: 교과 | AN13: (%) | AO13: 자연+인문 | AP13: 자연 | AQ13: 인문 | BA13: 계열ID
B14: 0.04 | C14: 87 | D14: 0 | F14: 100 | G14: 418.38 | H14: 422.97 | I14: 서울대 | J14: 의예과 | K14: 자연 | L14: 29 | M14: 421.6 / | N14: 600 | O14: 표점 | P14: 표점 | Q14: 2과목 | R14: 33 | S14: 40 | T14: 27 | U14: 100 | V14: 139.12052 | W14: 140.18077 | X14: 69.54 | Z14: 1등급 | AA14: 0 | AB14: 만점 | AC14: 0 | AD14: 만점 | AE14: 0 | AF14: 3 | AG14: 0 | AH14: 물리/화학 필수, 과탐Ⅱ3점 가산 | AL14: 서울대 의예과 | AM14: 자연 | AN14: 100% | AO14: 0 | AP14: 0 | AQ14: 0 | AR14: 0.04 → 0.04 | BA14: 자연1
B15: 0.13 | C15: 282 | D15: 0 | F15: 99.94 | G15: 415.27 | H15: 419.44 | I15: 한양대 | J15: 의예과 | K15: 자연 | L15: 52 | M15: 993.26 / | N15: 1000 | O15: 표점/만점 | P15: 변표/만점 | Q15: 2과목 | R15: 25 | S15: 40 | T15: 25 | U15: 99.94 | V15: 137.91471 | W15: 138.37207 | X15: 69.49 | Y15: 69.97 | Z15: 1등급 | AA15: 100 | AB15: 만점 | AC15: 0 | AD15: 만점 | AE15: 0 | AF15: 0 | AG15: 0 | AL15: 한양대 의예과 | AM15: 자연 | AN15: 100 | AO15: 0 | AP15: 0 | AQ15: 0 | AR15: 0.14 → 0.14 | BA15: 자연2
B16: 0.22 | C16: 477 | D16: 0 | F16: 99.81 | G16: 413.63 | H16: 416.70 | I16: 가톨릭대 | J16: 의예과 | K16: 자연 | L16: 37 | M16: 691.063 / | N16: 1000 | O16: 표점 | P16: 변표 | Q16: 2과목 | R16: 30 | S16: 40 | T16: 30 | U16: 99.81 | V16: 137.0476 | W16: 137.76785 | X16: 69.41 | Y16: 69.99 | Z16: 1등급 | AA16: 0 | AB16: 만점 | AC16: 0 | AD16: 만점 | AE16: 0 | AF16: 0 | AG16: 0 | AH16: 656.51/950만점 | AL16: 가톨릭대 의예과 | AM16: 자연 | AN16: 100 | AO16: 0 | AP16: 0 | AQ16: 0 | AR16: 0.22 → 0.22 | BA16: 자연3
B17: 0.23 | C17: 499 | D17: -61 | F17: 99.77 | G17: 413.33 | H17: 417.28 | I17: 성균관대 | J17: 의예과 | K17: 자연 | L17: 50 | M17: 691.85 / | N17: 1000 | O17: 표점 | P17: 변표 | Q17: 2과목 | R17: 20 | S17: 40 | T17: 30 | U17: 99.77 | V17: 136.92579 | W17: 137.67579 | X17: 69.36 | Y17: 68.6 | Z17: 1등급 | AA17: 63.5 | AB17: 만점 | AC17: 0 | AD17: 만점 | AE17: 0 | AF17: 10.29 | AG17: 0 | AH17: 과탐5%가산 | AL17: 성균관대 의예과 | AM17: 자연 | AN17: 100 | AO17: -61 | AP17: -61 | AQ17: 0 | AR17: 0.23 → 0.20 | BA17: 자연4
B18: 0.25 | C18: 543 | D18: -61 | F18: 99.71 | G18: 412.90 | H18: 416.38 | I18: 연세대 | J18: 의예과 | K18: 자연 | L18: 47 | M18: 658.3 / | N18: 900 | O18: 표점 | P18: 변표 | Q18: 2과목 | R18: 22 | S18: 33 | T18: 33 | U18: 99.71 | V18: 136.78267 | W18: 137.53267 | X18: 69.29 | Y18: 69.65 | Z18: 1등급 | AA18: 100 | AB18: 만점 | AC18: 0 | AD18: 만점 | AE18: 0 | AF18: 6.269 | AG18: 0 | AH18: 과탐3%가산 | AL18: 연세대 의예과 | AM18: 자연 | AN18: 100 | AO18: -61 | AP18: -61 | AQ18: 0 | AR18: 0.25 → 0.22 | BA18: 자연5
B19: 0.29 | C19: 629 | D19: -70 | F19: 99.63 | G19: 412.20 | H19: 414.74 | I19: 서울대 | J19: 치의학과 | K19: 자연 | L19: 11 | M19: 415 / | N19: 600 | O19: 표점 | P19: 표점 | Q19: 2과목 | R19: 33 | S19: 40 | T19: 27 | U19: 99.63 | V19: 136.56352 | W19: 137.31352 | X19: 69.16 | Z19: 1등급 | AA19: 0 | AB19: 만점 | AC19: 0 | AD19: 만점 | AE19: 0 | AF19: 3 | AG19: 0 | AH19: 과탐Ⅱ3점 가산 | AL19: 서울대 치의학과 | AM19: 자연 | AN19: 50% | AO19: -70 | AP19: -70 | AQ19: 0 | AR19: 0.30 → 0.26 | BA19: 자연6
B20: 0.40 | C20: 868 | D20: -135 | F20: 99.46 | G20: 410.76 | H20: 412.71 | I20: 고려대 | J20: 의과대학 | K20: 자연 | L20: 28 | M20: 697.28 / | N20: 1000 | O20: 표점 | P20: 변표 | Q20: 2과목 | R20: 31 | S20: 38 | T20: 31 | U20: 99.46 | V20: 136.14971 | W20: 136.89971 | X20: 68.86 | Y20: 69.72 | Z20: 1등급 | AA20: 0 | AB20: 만점 | AC20: 10 | AD20: 만점 | AE20: 0 | AF20: 0 | AG20: 0 | AL20: 고려대 의과대학 | AM20: 자연 | AN20: 100 | AO20: -135 | AP20: -135 | AQ20: 0 | AR20: 0.41 → 0.34 | BA20: 자연7
B21: 0.42 | C21: 911 | D21: -69 | F21: 99.44 | G21: 410.56 | H21: 411.81 | I21: 서울대 | J21: 수리과학부 | K21: 자연 | L21: 9 | M21: 413.4 / | N21: 600 | O21: 표점 | P21: 표점 | Q21: 2과목 | R21: 33 | S21: 40 | T21: 27 | U21: 99.44 | V21: 136.09109 | W21: 136.84109 | X21: 68.81 | Z21: 1등급 | AA21: 0 | AB21: 만점 | AC21: 0 | AD21: 만점 | AE21: 0 | AF21: 3 | AG21: 0 | AH21: 과탐Ⅱ3점 가산 | AL21: 서울대 수리과학부 | AM21: 자연 | AN21: 30% | AO21: -69 | AP21: -69 | AQ21: 0 | AR21: 0.43 → 0.39 | BA21: 자연8
B22: 0.57 | C22: 1,237 | D22: -125 | F22: 99.26 | G22: 408.97 | H22: 410.52 | I22: 경희대 | J22: 의예과 | K22: 자연 | L22: 45 | M22: 595.35 / | N22: 800 | O22: 표점 | P22: 변표 | Q22: 2과목 | R22: 20 | S22: 35 | T22: 30 | U22: 99.26 | V22: 135.53224 | W22: 136.39918 | X22: 68.52 | Y22: 69.32 | Z22: 1등급 | AA22: 120 | AB22: 만점 | AC22: 0 | AD22: 만점 | AE22: 0 | AF22: 9.6 | AG22: 0 | AH22: 과탐9.6점 가산 | AL22: 경희대 의예과 | AM22: 자연 | AN22: 100 | AO22: -125 | AP22: -125 | AQ22: 0 | AR22: 0.57 → 0.51 | BA22: 자연9
B23: 0.58 | C23: 1,259 | D23: -230 | F23: 99.24 | G23: 408.83 | H23: 410.75 | I23: 중앙대 | J23: 의학부 | K23: 자연 | L23: 42 | M23: 807.4 / | N23: 1000 | O23: 표점 | P23: 변표 | Q23: 2과목 | R23: 30 | S23: 35 | T23: 35 | U23: 99.24 | V23: 135.4705 | W23: 136.35287 | X23: 68.5 | Y23: 69.55 | Z23: 1등급 | AA23: 100 | AB23: 만점 | AC23: 10 | AD23: 만점 | AE23: 0 | AF23: 12.171 | AG23: 0 | AH23: 과탐5%가산 | AL23: 중앙대 의학부 | AM23: 자연 | AN23: 100 | AO23: -230 | AP23: -230 | AQ23: 0 | AR23: 0.58 → 0.47 | BA23: 자연10
B24: 0.59 | C24: 1,280 | D24: -230 | F24: 99.21 | G24: 408.57 | H24: 410.69 | I24: 울산대 | J24: 의예 | K24: 자연 | L24: 12 | M24: 989.25 / | N24: 1000 | O24: 표점/만점 | P24: 표점/만점 | Q24: 2과목 | R24: 20 | S24: 30 | T24: 30 | U24: 99.21 | V24: 135.35832 | W24: 136.26874 | X24: 67.28/67.91 | Z24: 1등급 | AA24: 190 | AB24: 만점 | AC24: 10 | AD24: 만점 | AE24: 0 | AF24: 0 | AG24: 0 | AL24: 울산대 의예 | AM24: 자연 | AN24: 100 | AO24: -230 | AP24: -230 | AQ24: 0 | AR24: 0.59 → 0.48 | BA24: 자연11
B25: 0.59 | C25: 1,280 | D25: -173 | F25: 99.2 | G25: 408.54 | H25: 410.50 | I25: 서울대 | J25: 컴퓨터공학부 | K25: 자연 | L25: 27 | M25: 411.4 / | N25: 600 | O25: 표점 | P25: 표점 | Q25: 2과목 | R25: 33 | S25: 40 | T25: 27 | U25: 99.2 | V25: 135.3416 | W25: 136.2562 | X25: 68.47 | Z25: 1등급 | AA25: 0 | AB25: 만점 | AC25: 0 | AD25: 만점 | AE25: 0 | AF25: 3 | AG25: 0 | AH25: 과탐Ⅱ3점 가산 | AL25: 서울대 컴퓨터공학부 | AM25: 자연 | AN25: 75% | AO25: -173 | AP25: -173 | AQ25: 0 | AR25: 0.60 → 0.52 | BA25: 자연12
B26: 0.68 | C26: 1,476 | D26: -173 | F26: 99.06 | G26: 407.22 | H26: 409.83 | I26: 서울대 | J26: 약학계열 | K26: 자연 | L26: 10 | M26: 410 / | N26: 600 | O26: 표점 | P26: 표점 | Q26: 2과목 | R26: 33 | S26: 40 | T26: 27 | U26: 99.06 | V26: 134.9321 | W26: 135.5926 | X26: 68.35 | Z26: 1등급 | AA26: 0 | AB26: 만점 | AC26: 0 | AD26: 만점 | AE26: 0 | AF26: 3 | AG26: 0 | AH26: 과탐Ⅱ3점 가산 | AL26: 서울대 약학계열 | AM26: 자연 | AN26: 75% | AO26: -173 | AP26: -173 | AQ26: 0 | AR26: 0.68 → 0.60 | BA26: 자연13
B27: 0.67 | C27: 1,454 | D27: -180 | F27: 99.06 | G27: 407.26 | H27: 409.90 | I27: 아주대 | J27: 의학과 | K27: 자연 | L27: 50 | M27: 949.477 / | N27: 950 | O27: 표점/만점 | P27: 변표/만점 | Q27: 2과목 | R27: 20 | S27: 40 | T27: 30 | U27: 99.06 | V27: 134.93664 | W27: 135.61984 | X27: 68.35 | Y27: 69.43 | Z27: 1등급 | AA27: 95 | AB27: 만점 | AC27: 0 | AD27: 만점 | AE27: 0 | AF27: 19.516 | AG27: 0 | AH27: 999.45점/1000만점 미/기/과탐 3% | AL27: 아주대 의학과 | AM27: 자연 | AN27: 100 | AO27: -180 | AP27: -180 | AQ27: 0 | AR27: 0.68 → 0.59 | BA27: 자연14
B28: 0.78 | C28: 1,693 | D28: -90 | E28: 405.67 | F28: 99.04 | G28: 408.24 | H28: 409.46 | I28: 이화여대 | J28: 의예과(인문) | K28: 통합 | L28: 8 | M28: 988.46 / | N28: 1000 | O28: 표점/만점 | P28: 변표/만점 | Q28: 2과목 | R28: 30 | S28: 30 | T28: 20 | U28: 99.04 | V28: 134.90788 | W28: 135.44731 | X28: 68.94 | Y28: 68.86 | Z28: 1등급 | AA28: 200 | AB28: 만점 | AC28: 10 | AD28: 만점 | AE28: 0 | AF28: 0 | AG28: 0 | AL28: 이화여대 의예과(인문) | AM28: 통합 | AN28: 50% | AO28: -90 | AP28: -79 | AQ28: -11 | AR28: 0.79 → 0.75 | BA28: 자연15
B29: 0.69 | C29: 1,497 | D29: -190 | F29: 99.04 | G29: 407.00 | H29: 409.81 | I29: 인제대 | J29: 의예 | K29: 자연 | L29: 19 | M29: 542 / | N29: 800 | O29: 표점 | P29: 표점 | Q29: 2과목 | R29: 25 | S29: 25 | T29: 25 | U29: 99.04 | V29: 134.90457 | W29: 135.42744 | X29: 68.33 | Z29: 1등급 | AA29: 135 | AB29: 만점 | AC29: 0 | AD29: 만점 | AE29: 0 | AF29: 0 | AG29: 0 | AL29: 인제대 의예 | AM29: 자연 | AN29: 100 | AO29: -190 | AP29: -190 | AQ29: 0 | AR29: 0.70 → 0.61 | BA29: 자연16
B30: 0.76 | C30: 1,649 | D30: -190 | F30: 98.92 | G30: 406.00 | H30: 409.65 | I30: 이화여대 | J30: 의예과(자연) | K30: 자연 | L30: 50 | M30: 1003.13 / | N30: 1000 | O30: 표점/만점 | P30: 변표/만점 | Q30: 2과목 | R30: 25 | S30: 30 | T30: 25 | U30: 98.92 | V30: 134.69175 | W30: 134.85842 | X30: 68.22 | Y30: 69.32 | Z30: 1등급 | AA30: 200 | AB30: 만점 | AC30: 10 | AD30: 만점 | AE30: 0 | AF30: 14.827 | AG30: 0 | AH30: 과6% | AL30: 이화여대 의예과(자연) | AM30: 자연 | AN30: 100 | AO30: -190 | AP30: -190 | AQ30: 0 | AR30: 0.76 → 0.67 | BA30: 자연17
B31: 0.76 | C31: 1,649 | D31: -200 | F31: 98.9 | G31: 405.91 | H31: 409.63 | I31: 연세대 | J31: 치의예과 | K31: 자연 | L31: 26 | M31: 721.356 / | N31: 1000 | O31: 표점 | P31: 변표 | Q31: 2과목 | R31: 22 | S31: 33 | T31: 33 | U31: 98.9 | V31: 134.66254 | W31: 134.8292 | X31: 68.21 | Y31: 68.72 | Z31: 1등급 | AA31: 111.11 | AB31: 만점 | AC31: 0 | AD31: 만점 | AE31: 0 | AF31: 6.872 | AG31: 0 | AH31: 과탐3%가산 | AL31: 연세대 치의예과 | AM31: 자연 | AN31: 50% | AO31: -200 | AP31: -200 | AQ31: 0 | AR31: 0.77 → 0.68 | BA31: 자연18
B32: 0.79 | C32: 1,714 | D32: -500 | F32: 98.83 | G32: 405.57 | H32: 410.15 | I32: 충남대 | J32: 의예과 | K32: 자연 | L32: 18 | M32: 202.73 / | N32: 300 | O32: 표점 | P32: 표점 | Q32: 2과목 | R32: 25 | S32: 45 | T32: 30 | U32: 98.83 | V32: 134.55776 | W32: 134.72443 | X32: 68.14 | Z32: 1등급 | AA32: 0 | AB32: 만점 | AC32: 0 | AD32: 만점 | AE32: 0 | AF32: 0 | AG32: 0 | AL32: 충남대 의예과 | AM32: 자연 | AN32: 100 | AO32: -500 | AP32: -500 | AQ32: 0 | AR32: 0.80 → 0.57 | BA32: 자연19
B33: 0.82 | C33: 1,779 | D33: -400 | F33: 98.79 | G33: 405.33 | H33: 409.73 | I33: 경북대 | J33: 의예과 | K33: 자연 | L33: 22 | M33: 728.58 / | N33: 1000 | O33: 표점 | P33: 변표 | Q33: 2과목 | R33: 25 | S33: 38 | T33: 25 | U33: 98.79 | V33: 134.4829 | W33: 134.64956 | X33: 68.1 | Y33: 69.21 | Z33: 1등급 | AA33: 125 | AB33: 만점 | AC33: 10 | AD33: 만점 | AE33: 0 | AF33: 0 | AG33: 0 | AL33: 경북대 의예과 | AM33: 자연 | AN33: 100 | AO33: -400 | AP33: -400 | AQ33: 0 | AR33: 0.82 → 0.64 | BA33: 자연20
B34: 0.83 | C34: 1,801 | D34: -400 | F34: 98.75 | G34: 405.14 | H34: 409.69 | I34: 부산대 | J34: 의예과 | K34: 자연 | L34: 33 | M34: 602.4 / | N34: 800 | O34: 표점 | P34: 표점 | Q34: 2과목 | R34: 20 | S34: 30 | T34: 30 | U34: 98.75 | V34: 134.42436 | W34: 134.59103 | X34: 68.06 | Z34: 1등급 | AA34: 160 | AB34: 만점 | AC34: 10 | AD34: 만점 | AE34: 0 | AF34: 0 | AG34: 0 | AL34: 부산대 의예과 | AM34: 자연 | AN34: 100 | AO34: -400 | AP34: -400 | AQ34: 0 | AR34: 0.84 → 0.65 | BA34: 자연21
B35: 0.85 | C35: 1,845 | D35: -383 | F35: 98.73 | G35: 405.00 | H35: 409.64 | I35: 서울대 | J35: 수의예과 | K35: 자연 | L35: 15 | M35: 407.7 / | N35: 600 | O35: 표점 | P35: 표점 | Q35: 2과목 | R35: 33 | S35: 40 | T35: 27 | U35: 98.73 | V35: 134.38236 | W35: 134.54903 | X35: 68.03 | Z35: 1등급 | AA35: 0 | AB35: 만점 | AC35: 0 | AD35: 만점 | AE35: 0 | AF35: 3 | AG35: 0 | AH35: 과탐Ⅱ3점 가산 | AL35: 서울대 수의예과 | AM35: 자연 | AN35: 75% | AO35: -383 | AP35: -383 | AQ35: 0 | AR35: 0.85 → 0.67 | BA35: 자연22
B36: 0.88 | C36: 1,910 | D36: -250 | F36: 98.63 | G36: 404.46 | H36: 409.02 | I36: 경희대 | J36: 한의예과(통합) | K36: 통합 | L36: 14 | M36: 589.93 / | N36: 800 | O36: 표점 | P36: 변표 | Q36: 2과목 | R36: 35 | S36: 20 | T36: 30 | U36: 98.63 | V36: 134.21618 | W36: 134.38285 | X36: 67.93 | Y36: 68.72 | Z36: 1등급 | AA36: 120 | AB36: 만점 | AC36: 0 | AD36: 만점 | AE36: 0 | AF36: 9.6 | AG36: 0 | AH36: 사탐9.6점 가산 | AL36: 경희대 한의예과(통합) | AM36: 통합 | AN36: 50% | AO36: -250 | AP36: -215 | AQ36: -35 | AR36: 0.89 → 0.79 | BA36: 자연23
B37: 0.88 | C37: 1,910 | D37: -511 | F37: 98.63 | G37: 404.48 | H37: 409.70 | I37: 인하대 | J37: 의예과 | K37: 자연 | L37: 40 | M37: 990.8 / | N37: 1000 | O37: 표점/만점 | P37: 변표/만점 | Q37: 2과목 | R37: 25 | S37: 35 | T37: 30 | U37: 98.63 | V37: 134.22066 | W37: 134.38732 | X37: 67.94 | Y37: 68.72 | Z37: 1등급 | AA37: 100 | AB37: 만점 | AC37: 0 | AD37: 만점 | AE37: 0 | AF37: 18.914 | AG37: 0 | AH37: 미/기/과탐 3% | AL37: 인하대 의예과 | AM37: 자연 | AN37: 100 | AO37: -511 | AP37: -511 | AQ37: 0 | AR37: 0.89 → 0.65 | BA37: 자연24
B38: 0.90 | C38: 1,953 | D38: -511 | F38: 98.59 | G38: 404.24 | H38: 409.66 | I38: 경북대 | J38: 의예과(정시지역) | K38: 자연 | L38: 6 | M38: 727.11 / | N38: 1000 | O38: 표점 | P38: 변표 | Q38: 2과목 | R38: 25 | S38: 38 | T38: 25 | U38: 98.59 | V38: 134.14766 | W38: 134.31433 | X38: 67.89 | Y38: 69.04 | Z38: 1등급 | AA38: 125 | AB38: 만점 | AC38: 10 | AD38: 만점 | AE38: 0 | AF38: 0 | AG38: 0 | AL38: 경북대 의예과(정시지역) | AM38: 자연 | AN38: 100 | AO38: -511 | AP38: -511 | AQ38: 0 | AR38: 0.90 → 0.67 | BA38: 자연25
B39: 0.97 | C39: 2,105 | D39: -511 | F39: 98.5 | G39: 403.77 | H39: 409.24 | I39: 연세대(미래) | J39: 의예과 | K39: 자연 | L39: 21 | M39: 721.75 / | N39: 1000 | O39: 표점 | P39: 변표 | Q39: 2과목 | R39: 22 | S39: 33 | T39: 33 | U39: 98.5 | V39: 134.00134 | W39: 134.16801 | X39: 67.8 | Y39: 68.44 | Z39: 1등급 | AA39: 111.11 | AB39: 만점 | AC39: 10 | AD39: 만점 | AE39: 0 | AF39: 0 | AG39: 0 | AL39: 연세대(미래) 의예과 | AM39: 자연 | AN39: 100 | AO39: -511 | AP39: -511 | AQ39: 0 | AR39: 0.98 → 0.74 | BA39: 자연26
B40: 0.97 | C40: 2,105 | D40: -520 | F40: 98.5 | G40: 403.76 | H40: 409.28 | I40: 가천대 | J40: 의예과 | K40: 자연 | L40: 40 | M40: 98.4 / | N40: 100 | O40: 백분위 | P40: 백분위 | Q40: 2과목 | R40: 25 | S40: 30 | T40: 25 | U40: 98.5 | V40: 134 | W40: 134.16667 | X40: 67.8 | Z40: 1등급 | AA40: 19.6 | AB40: 만점 | AC40: 0 | AD40: 만점 | AE40: 0 | AF40: 0 | AG40: 0 | AL40: 가천대 의예과 | AM40: 자연 | AN40: 100 | AO40: -520 | AP40: -520 | AQ40: 0 | AR40: 0.98 → 0.74 | BA40: 자연27
B41: 1.01 | C41: 2,192 | D41: -550 | F41: 98.46 | G41: 403.56 | H41: 409.04 | I41: 한림대 | J41: 의학 | K41: 자연 | L41: 36 | M41: 975.2 / | N41: 1000 | O41: 표점/만점 | P41: 표점/만점 | Q41: 2과목 | R41: 20 | S41: 40 | T41: 30 | U41: 98.46 | V41: 133.94116 | W41: 134.10783 | X41: 66.94/67.91 | Z41: 1등급 | AA41: 100 | AB41: 만점 | AC41: 0 | AD41: 만점 | AE41: 0 | AF41: 0 | AG41: 0 | AH41: 877.68/900만점 | AL41: 한림대 의학 | AM41: 자연 | AN41: 100 | AO41: -550 | AP41: -550 | AQ41: 0 | AR41: 1.01 → 0.76 | BA41: 자연28
B42: 1.02 | C42: 2,213 | D42: -256 | F42: 98.45 | G42: 403.48 | H42: 406.73 | I42: 경희대 | J42: 치의예과 | K42: 자연 | L42: 33 | M42: 588.95 / | N42: 800 | O42: 표점 | P42: 변표 | Q42: 2과목 | R42: 20 | S42: 35 | T42: 30 | U42: 98.45 | V42: 133.91711 | W42: 134.08378 | X42: 67.74 | Y42: 68.55 | Z42: 1등급 | AA42: 120 | AB42: 만점 | AC42: 0 | AD42: 만점 | AE42: 0 | AF42: 9.6 | AG42: 0 | AH42: 과탐9.6점 가산 | AL42: 경희대 치의예과 | AM42: 자연 | AN42: 50% | AO42: -256 | AP42: -256 | AQ42: 0 | AR42: 1.03 → 0.91 | BA42: 통합인문1
B43: 1.06 | C43: 2,300 | D43: -323 | F43: 98.41 | G43: 403.27 | H43: 406.65 | I43: 서울대 | J43: 전기·정보공학부 | K43: 자연 | L43: 53 | M43: 406 / | N43: 600 | O43: 표점 | P43: 표점 | Q43: 2과목 | R43: 33 | S43: 40 | T43: 27 | U43: 98.41 | V43: 133.85743 | W43: 134.0241 | X43: 67.69 | Z43: 1등급 | AA43: 0 | AB43: 만점 | AC43: 0 | AD43: 만점 | AE43: 0 | AF43: 3 | AG43: 0 | AH43: 물리/화학 필수, 과탐Ⅱ3점 가산 | AL43: 서울대 전기·정보공학부 | AM43: 자연 | AN43: 75% | AO43: -323 | AP43: -323 | AQ43: 0 | AR43: 1.07 → 0.92 | BA43: 자연29
B44: 1.08 | C44: 2,344 | D44: -215 | F44: 98.4 | G44: 403.20 | H44: 406.16 | I44: 조선대 | J44: 의예 | K44: 자연 | L44: 24 | M44: 800.4 / | N44: 800 | O44: 백분위 | P44: 백분위 | Q44: 1과목 | R44: 25 | S44: 35 | T44: 15 | U44: 98.4 | V44: 133.83333 | W44: 134 | X44: 67.68 | Z44: 1등급 | AA44: 200 | AB44: 만점 | AC44: 10 | AD44: 만점 | AE44: 0 | AF44: 0 | AG44: 0 | AL44: 조선대 의예 | AM44: 자연 | AN44: 50% | AO44: -215 | AP44: -215 | AQ44: 0 | AR44: 1.08 → 0.98 | BA44: 자연30
B45: 1.08 | C45: 2,344 | D45: -215 | F45: 98.4 | G45: 403.18 | H45: 406.16 | I45: 서울대 | J45: 통계학과 | K45: 자연 | L45: 7 | M45: 405.9 / | N45: 600 | O45: 표점 | P45: 표점 | Q45: 2과목 | R45: 33 | S45: 40 | T45: 27 | U45: 98.4 | V45: 133.82727 | W45: 133.99393 | X45: 67.68 | Z45: 1등급 | AA45: 0 | AB45: 만점 | AC45: 0 | AD45: 만점 | AE45: 0 | AF45: 3 | AG45: 0 | AH45: 과탐Ⅱ3점 가산 | AL45: 서울대 통계학과 | AM45: 자연 | AN45: 50% | AO45: -215 | AP45: -215 | AQ45: 0 | AR45: 1.08 → 0.98 | BA45: 자연31
B46: 1.10 | C46: 2,387 | D46: -323 | F46: 98.37 | G46: 403.04 | H46: 406.33 | I46: 성균관대 | J46: 약학과 | K46: 자연 | L46: 30 | M46: 678.92 / | N46: 1000 | O46: 표점 | P46: 변표 | Q46: 2과목 | R46: 20 | S46: 40 | T46: 30 | U46: 98.37 | V46: 133.78554 | W46: 133.95221 | X46: 67.65 | Y46: 67.86 | Z46: 1등급 | AA46: 63.5 | AB46: 만점 | AC46: 0 | AD46: 만점 | AE46: 0 | AF46: 10.179 | AG46: 0 | AH46: 과탐5%가산 | AL46: 성균관대 약학과 | AM46: 자연 | AN46: 75% | AO46: -323 | AP46: -323 | AQ46: 0 | AR46: 1.11 → 0.96 | BA46: 자연32
B47: 0.93 | C47: 2,018 | D47: -256 | F47: 98.37 | G47: 404.00 | H47: 406.45 | I47: 원광대 | J47: 치의예(인문) | K47: 인문 | L47: 4 | M47: 509 / | N47: 600 | O47: 표점 | P47: 표점 | Q47: 2과목 | R47: 33 | S47: 33 | T47: 0 | U47: 98.37 | V47: 133.78304 | W47: 133.94971 | X47: 68.13 | Z47: 1등급 | AA47: 100 | AB47: 만점 | AC47: 5 | AD47: 만점 | AE47: 0 | AF47: 0 | AG47: 0 | AL47: 원광대 치의예(인문) | AM47: 인문 | AN47: 50% | AO47: -256 | AP47: -220 | AQ47: -36 | AR47: 1.11 → 1.01 | BA47: 자연33
B48: 1.15 | C48: 2,496 | D48: -430 | F48: 98.33 | G48: 402.79 | H48: 406.36 | I48: 동아대 | J48: 의예 | K48: 자연 | L48: 20 | M48: 610.55 / | N48: 800 | O48: 표점 | P48: 표점 | Q48: 2과목 | R48: 25 | S48: 25 | T48: 25 | U48: 98.33 | V48: 133.71086 | W48: 133.87753 | X48: 67.6 | Z48: 1등급 | AA48: 200 | AB48: 만점 | AC48: 1 | AD48: 만점 | AE48: 0 | AF48: 6.76 | AG48: 0 | AH48: 총점800 과탐5% | AL48: 동아대 의예 | AM48: 자연 | AN48: 100 | AO48: -430 | AP48: -430 | AQ48: 0 | AR48: 1.15 → 0.95 | BA48: 자연34
B49: 1.15 | C49: 2,496 | D49: -430 | F49: 98.32 | G49: 402.76 | H49: 406.32 | I49: 순천대 | J49: 약학과 | K49: 자연 | L49: 7 | M49: 296.64 / | N49: 300 | O49: 백분위 | P49: 백분위 | Q49: 2과목 | R49: 0 | S49: 33 | T49: 33 | U49: 98.32 | V49: 133.7 | W49: 133.86667 | X49: 67.6 | Z49: 1등급 | AA49: 100 | AB49: 만점 | AC49: 0 | AD49: 만점 | AE49: 0 | AF49: 0 | AG49: 0 | AH49: 국/영 택1 | AL49: 순천대 약학과 | AM49: 자연 | AN49: 100 | AO49: -430 | AP49: -430 | AQ49: 0 | AR49: 1.16 → 0.96 | BA49: 자연35
B50: 1.18 | C50: 2,561 | D50: -550 | F50: 98.28 | G50: 402.54 | H50: 406.52 | I50: 부산대 | J50: 의예(지역) | K50: 자연 | L50: 36 | M50: 599.6 / | N50: 800 | O50: 표점 | P50: 표점 | Q50: 2과목 | R50: 20 | S50: 30 | T50: 30 | U50: 98.28 | V50: 133.63611 | W50: 133.80277 | X50: 67.55 | Z50: 1등급 | AA50: 160 | AB50: 만점 | AC50: 10 | AD50: 만점 | AE50: 0 | AF50: 0 | AG50: 0 | AL50: 부산대 의예(지역) | AM50: 자연 | AN50: 100 | AO50: -550 | AP50: -550 | AQ50: 0 | AR50: 1.19 → 0.93 | BA50: 통합인문2
B51: 1.19 | C51: 2,582 | D51: -550 | F51: 98.27 | G51: 402.46 | H51: 406.44 | I51: 순천향대 | J51: 의예 | K51: 자연 | L51: 30 | M51: 1005 / | N51: 200 | O51: 백분위 | P51: 백분위 | Q51: 2과목 | R51: 20 | S51: 30 | T51: 20 | U51: 98.27 | V51: 133.61111 | W51: 133.77778 | X51: 67.54 | Z51: 1등급 | AA51: 57.6 | AB51: 만점 | AC51: 0 | AD51: 만점 | AE51: 0 | AF51: 9.827 | AG51: 0 | AH51: 미/기/과탐10%가산 | AL51: 순천향대 의예 | AM51: 자연 | AN51: 100 | AO51: -550 | AP51: -550 | AQ51: 0 | AR51: 1.20 → 0.94 | BA51: 자연36
B52: 1.23 | C52: 2,669 | D52: -550 | F52: 98.21 | G52: 402.16 | H52: 406.15 | I52: 고신대 | J52: 의예 | K52: 자연 | L52: 18 | M52: 671.5 / | N52: 1000 | O52: 표점 | P52: 표점 | Q52: 2과목 | R52: 20 | S52: 30 | T52: 20 | U52: 98.21 | V52: 133.51747 | W52: 133.68413 | X52: 67.48 | Z52: 1등급 | AA52: 202.5 | AB52: 만점 | AC52: 0 | AD52: 만점 | AE52: 0 | AF52: 0 | AG52: 0 | AL52: 고신대 의예 | AM52: 자연 | AN52: 100 | AO52: -550 | AP52: -550 | AQ52: 0 | AR52: 1.24 → 0.98 | BA52: 자연37
B53: 1.25 | C53: 2,713 | D53: -413 | F53: 98.19 | G53: 402.05 | H53: 405.66 | I53: 서울대 | J53: 광역(학부대학) | K53: 자연 | L53: 36 | M53: 401.8 / | N53: 600 | O53: 표점 | P53: 표점 | Q53: 2과목 | R53: 33 | S53: 40 | T53: 27 | U53: 98.19 | V53: 133.48522 | W53: 133.65188 | X53: 67.46 | Z53: 1등급 | AA53: 0 | AB53: 만점 | AC53: 0 | AD53: 만점 | AE53: 0 | AF53: 0 | AG53: 0 | AL53: 서울대 광역(학부대학) | AM53: 자연 | AN53: 75% | AO53: -413 | AP53: -413 | AQ53: 0 | AR53: 1.25 → 1.06 | BA53: 자연38
B54: 1.26 | C54: 2,734 | D54: -550 | F54: 98.18 | G54: 401.99 | H54: 405.98 | I54: 전남대 | J54: 의학과 | K54: 자연 | L54: 20 | M54: 984.246 / | N54: 800 | O54: 표점/만점 | P54: 표점/만점 | Q54: 2과목 | R54: 30 | S54: 40 | T54: 30 | U54: 98.18 | V54: 133.46588 | W54: 133.63254 | X54: 66.7/67.91 | Z54: 1등급 | AA54: 200 | AB54: 만점 | AC54: 10 | AD54: 만점 | AE54: 0 | AF54: 0 | AG54: 0 | AL54: 전남대 의학과 | AM54: 자연 | AN54: 100 | AO54: -550 | AP54: -550 | AQ54: 0 | AR54: 1.26 → 1.01 | BA54: 자연39
B55: 1.26 | C55: 2,734 | D55: -550 | F55: 98.17 | G55: 401.94 | H55: 405.95 | I55: 전북대 | J55: 의예과 | K55: 자연 | L55: 33 | M55: 371.73 / | N55: 500 | O55: 표점 | P55: 변표 | Q55: 2과목 | R55: 30 | S55: 40 | T55: 30 | U55: 98.17 | V55: 133.45017 | W55: 133.61683 | X55: 67.44 | Y55: 68.69 | Z55: 1등급 | AA55: 30 | AB55: 만점 | AC55: 5 | AD55: 만점 | AE55: 0 | AF55: 0 | AG55: 0 | AL55: 전북대 의예과 | AM55: 자연 | AN55: 100 | AO55: -550 | AP55: -550 | AQ55: 0 | AR55: 1.27 → 1.01 | BA55: 자연40
B56: 1.27 | C56: 2,756 | D56: -413 | F56: 98.16 | G56: 401.87 | H56: 405.50 | I56: 건국대 | J56: 수의예과 | K56: 자연 | L56: 39 | M56: 703.82 / | N56: 1000 | O56: 표점 | P56: 변표 | Q56: 2과목 | R56: 30 | S56: 40 | T56: 20 | U56: 98.16 | V56: 133.42829 | W56: 133.59495 | X56: 67.42 | Y56: 68.25 | Z56: 1등급 | AA56: 100 | AB56: 만점 | AC56: 0 | AD56: 만점 | AE56: 0 | AF56: 0 | AG56: 0 | AL56: 건국대 수의예과 | AM56: 자연 | AN56: 75% | AO56: -413 | AP56: -413 | AQ56: 0 | AR56: 1.28 → 1.09 | BA56: 자연41
B57: 1.34 | C57: 2,908 | D57: -550 | F57: 98.07 | G57: 401.39 | H57: 405.45 | I57: 건국(글로컬) | J57: 의예(일반) | K57: 자연 | L57: 23 | M57: 975.17 / | N57: 1000 | O57: 표점/만점 | P57: 표점/만점 | Q57: 2과목 | R57: 20 | S57: 30 | T57: 30 | U57: 98.07 | V57: 133.28291 | W57: 133.44958 | X57: 66.61/67.91 | Z57: 1등급 | AA57: 200 | AB57: 만점 | AC57: 0 | AD57: 만점 | AE57: 0 | AF57: 0 | AG57: 0 | AL57: 건국(글로컬) 의예(일반) | AM57: 자연 | AN57: 100 | AO57: -550 | AP57: -550 | AQ57: 0 | AR57: 1.35 → 1.09 | BA57: 자연42
B58: 1.36 | C58: 2,951 | D58: -413 | F58: 98.05 | G58: 401.27 | H58: 404.75 | I58: 경희대 | J58: 한의예과(자연) | K58: 자연 | L58: 32 | M58: 586.53 / | N58: 800 | O58: 표점 | P58: 변표 | Q58: 2과목 | R58: 20 | S58: 35 | T58: 30 | U58: 98.05 | V58: 133.24697 | W58: 133.41364 | X58: 67.3 | Y58: 68.15 | Z58: 1등급 | AA58: 120 | AB58: 만점 | AC58: 0 | AD58: 만점 | AE58: 0 | AF58: 9.6 | AG58: 0 | AH58: 과탐9.6점 가산 | AL58: 경희대 한의예과(자연) | AM58: 자연 | AN58: 75% | AO58: -413 | AP58: -413 | AQ58: 0 | AR58: 1.36 → 1.17 | BA58: 자연43
B59: 1.35 | C59: 2,930 | D59: -275 | F59: 98.05 | G59: 401.31 | H59: 403.84 | I59: 경북대 | J59: 치의예과 | K59: 자연 | L59: 14 | M59: 723.21 / | N59: 1000 | O59: 표점 | P59: 변표 | Q59: 2과목 | R59: 25 | S59: 38 | T59: 25 | U59: 98.05 | V59: 133.25827 | W59: 133.42493 | X59: 67.31 | Y59: 68.59 | Z59: 1등급 | AA59: 125 | AB59: 만점 | AC59: 10 | AD59: 만점 | AE59: 0 | AF59: 0 | AG59: 0 | AL59: 경북대 치의예과 | AM59: 자연 | AN59: 50% | AO59: -275 | AP59: -275 | AQ59: 0 | AR59: 1.36 → 1.23 | BA59: 자연44
B60: 1.25 | C60: 2,713 | D60: -275 | F60: 98.01 | G60: 402.00 | H60: 403.80 | I60: 원광대 | J60: 한의예(인문) | K60: 인문 | L60: 5 | M60: 507 / | N60: 600 | O60: 표점 | P60: 표점 | Q60: 2과목 | R60: 33 | S60: 33 | T60: 0 | U60: 98.01 | V60: 133.18402 | W60: 133.35069 | X60: 67.73 | Z60: 1등급 | AA60: 100 | AB60: 만점 | AC60: 5 | AD60: 만점 | AE60: 0 | AF60: 0 | AG60: 0 | AL60: 원광대 한의예(인문) | AM60: 인문 | AN60: 50% | AO60: -275 | AP60: -235 | AQ60: -40 | AR60: 1.39 → 1.28 | BA60: 자연45
B61: 1.39 | C61: 3,016 | D61: -275 | F61: 98 | G61: 401.01 | H61: 403.73 | I61: 동국(WISE) | J61: 한의예(유형Ⅱ) | K61: 통합 | L61: 2 | M61: 994 / | N61: 1000 | O61: 백분위 | P61: 백분위 | Q61: 2과목 | R61: 25 | S61: 35 | T61: 20 | U61: 98 | V61: 133.16667 | W61: 133.33333 | X61: 67.26 | Z61: 1등급 | AA61: 200 | AB61: 만점 | AC61: 10 | AD61: 만점 | AE61: 0 | AF61: 0 | AG61: 0 | AL61: 동국(WISE) 한의예(유형Ⅱ) | AM61: 통합 | AN61: 50% | AO61: -275 | AP61: -235 | AQ61: -40 | AR61: 1.40 → 1.29 | BA61: 자연46
B62: 1.39 | C62: 3,016 | D62: -275 | F62: 98 | G62: 401.01 | H62: 403.33 | I62: 조선대 | J62: 치의예 | K62: 자연 | L62: 15 | M62: 798 / | N62: 800 | O62: 백분위 | P62: 백분위 | Q62: 1과목 | R62: 25 | S62: 35 | T62: 15 | U62: 98 | V62: 133.16667 | W62: 133.33333 | X62: 67.26 | Z62: 1등급 | AA62: 200 | AB62: 만점 | AC62: 10 | AD62: 만점 | AE62: 0 | AF62: 0 | AG62: 0 | AL62: 조선대 치의예 | AM62: 자연 | AN62: 50% | AO62: -275 | AP62: -275 | AQ62: 0 | AR62: 1.40 → 1.27 | BA62: 자연47
B63: 1.39 | C63: 3,016 | D63: -550 | F63: 98 | G63: 401.00 | H63: 405.09 | I63: 인제대 | J63: 의예(지역) | K63: 자연 | L63: 24 | M63: 536 / | N63: 800 | O63: 표점 | P63: 표점 | Q63: 2과목 | R63: 25 | S63: 25 | T63: 25 | U63: 98 | V63: 133.16374 | W63: 133.3304 | X63: 67.25 | Z63: 1등급 | AA63: 135 | AB63: 만점 | AC63: 0 | AD63: 만점 | AE63: 0 | AF63: 0 | AG63: 0 | AL63: 인제대 의예(지역) | AM63: 자연 | AN63: 100 | AO63: -550 | AP63: -550 | AQ63: 0 | AR63: 1.40 → 1.14 | BA63: 자연48
B64: 1.42 | C64: 3,081 | D64: -415 | E64: 401.49 | F64: 97.97 | G64: 400.83 | H64: 403.83 | I64: 서울대 | J64: 물리·천문학부 물리학전공 | K64: 자연 | L64: 12 | M64: 403.6 / | N64: 600 | O64: 표점 | P64: 표점 | Q64: 2과목 | R64: 33 | S64: 40 | T64: 27 | U64: 97.97 | V64: 133.11268 | W64: 133.27934 | X64: 67.22 | Z64: 1등급 | AA64: 0 | AB64: 만점 | AC64: 0 | AD64: 만점 | AE64: 0 | AF64: 3 | AG64: 0 | AH64: 물리/화학 필수, 과탐Ⅱ3점 가산 | AL64: 서울대 물리·천문학부 물리학전공 | AM64: 자연 | AN64: 75% | AO64: -415 | AP64: -415 | AQ64: 0 | AR64: 1.42 → 1.23 | BA64: 자연49
B65: 1.42 | C65: 3,081 | D65: -550 | F65: 97.96 | G65: 400.82 | H65: 404.79 | I65: 대구가톨릭대 | J65: 의예과 | K65: 자연 | L65: 28 | M65: 524.43 / | N65: 800 | O65: 표점 | P65: 표점/만점 | Q65: 2과목 | R65: 30 | S65: 30 | T65: 15 | U65: 97.96 | V65: 133.10715 | W65: 133.27382 | X65: 66.53/67.91 | Z65: 1등급 | AA65: 80 | AB65: 만점 | AC65: 6 | AD65: 만점 | AE65: 0 | AF65: 0 | AG65: 0 | AH65: ★26반영비 | AL65: 대구가톨릭대 의예과 | AM65: 자연 | AN65: 100 | AO65: -550 | AP65: -550 | AQ65: 0 | AR65: 1.42 → 1.17 | BA65: 자연50
B66: 1.43 | C66: 3,103 | D66: -550 | F66: 97.94 | G66: 400.71 | H66: 404.57 | I66: 을지대 | J66: 의예 | K66: 자연 | L66: 15 | M66: 986.5 / | N66: 1000 | O66: 백분위 | P66: 백분위 | Q66: 2과목 | R66: 30 | S66: 30 | T66: 30 | U66: 97.94 | V66: 133.07407 | W66: 133.24074 | X66: 67.2 | Z66: 1등급 | AA66: 100 | AB66: 만점 | AC66: 5 | AD66: 만점 | AE66: 0 | AF66: 0 | AG66: 0 | AL66: 을지대 의예 | AM66: 자연 | AN66: 100 | AO66: -550 | AP66: -550 | AQ66: 0 | AR66: 1.44 → 1.18 | BA66: 자연51
B67: 1.31 | C67: 2,843 | D67: -403 | F67: 97.94 | G67: 401.62 | H67: 403.76 | I67: 서울대 | J67: 자유전공학부 | K67: 통합 | L67: 52 | M67: 401.2 / | N67: 600 | O67: 표점 | P67: 표점 | Q67: 2과목 | R67: 33 | S67: 40 | T67: 27 | U67: 97.94 | V67: 133.06509 | W67: 133.23175 | X67: 67.66 | Z67: 1등급 | AA67: 0 | AB67: 만점 | AC67: 0 | AD67: 만점 | AE67: 0 | AF67: 0 | AG67: 0 | AL67: 서울대 자유전공학부 | AM67: 통합 | AN67: 75% | AO67: -403 | AP67: -341 | AQ67: -62 | AR67: 1.44 → 1.28 | BA67: 자연52
B68: 1.51 | C68: 3,277 | D68: -537 | F68: 97.86 | G68: 400.26 | H68: 403.33 | I68: 충북대 | J68: 의예과 | K68: 자연 | L68: 25 | M68: 994.59 / | N68: 200 | O68: 표점/만점 | P68: 표점/만점 | Q68: 2과목 | R68: 20 | S68: 30 | T68: 30 | U68: 97.86 | V68: 132.94466 | W68: 133.10211 | X68: 66.45/67.91 | Z68: 1등급 | AA68: 40 | AB68: 만점 | AC68: 0 | AD68: 만점 | AE68: 0 | AF68: 0 | AG68: 0 | AL68: 충북대 의예과 | AM68: 자연 | AN68: 100 | AO68: -537 | AP68: -537 | AQ68: 0 | AR68: 1.52 → 1.27 | BA68: 자연53
B69: 1.58 | C69: 3,429 | D69: -416 | F69: 97.8 | G69: 399.91 | H69: 402.47 | I69: 중앙대 | J69: 약학부 | K69: 자연 | L69: 49 | M69: 794.6 / | N69: 1000 | O69: 표점 | P69: 변표 | Q69: 2과목 | R69: 30 | S69: 35 | T69: 35 | U69: 97.8 | V69: 132.85446 | W69: 132.9812 | X69: 67.04 | Y69: 68.74 | Z69: 1등급 | AA69: 100 | AB69: 만점 | AC69: 10 | AD69: 만점 | AE69: 0 | AF69: 12.03 | AG69: 0 | AH69: 과탐5%가산 | AL69: 중앙대 약학부 | AM69: 자연 | AN69: 75% | AO69: -416 | AP69: -416 | AQ69: 0 | AR69: 1.59 → 1.39 | BA69: 자연54
B70: 1.63 | C70: 3,537 | D70: -473 | F70: 97.77 | G70: 399.60 | H70: 402.35 | I70: 부산대 | J70: 한의학전문대학원(학ㆍ석사통합과정) | K70: 자연 | L70: 6 | M70: 743 / | N70: 1000 | O70: 표점 | P70: 표점 | Q70: 2과목 | R70: 20 | S70: 30 | T70: 30 | U70: 97.77 | V70: 132.8206 | W70: 132.74418 | X70: 67.02 | Z70: 1등급 | AA70: 200 | AB70: 만점 | AC70: 10 | AD70: 만점 | AE70: 0 | AF70: 0 | AG70: 0 | AL70: 부산대 한의학전문대학원(학ㆍ석사통합과정) | AM70: 자연 | AN70: 85% | AO70: -473 | AP70: -473 | AQ70: 0 | AR70: 1.63 → 1.41 | BA70: 자연55
B71: 1.63 | C71: 3,537 | D71: -419 | E71: 400.09 | F71: 97.77 | G71: 399.57 | H71: 402.16 | I71: 동국대 | J71: 약학과 | K71: 자연 | L71: 10 | M71: 730.17 / | N71: 1000 | O71: 표점 | P71: 변표 | Q71: 2과목 | R71: 25 | S71: 35 | T71: 25 | U71: 97.77 | V71: 132.81699 | W71: 132.71895 | X71: 67.02 | Y71: 67.93 | Z71: 1등급 | AA71: 150 | AB71: 만점 | AC71: 0 | AD71: 만점 | AE71: 0 | AF71: 12.062 | AG71: 0 | AH71: 미/기3%, 과탐3% 가산 | AL71: 동국대 약학과 | AM71: 자연 | AN71: 75% | AO71: -419 | AP71: -419 | AQ71: 0 | AR71: 1.64 → 1.44 | BA71: 자연56
B72: 1.63 | C72: 3,537 | D72: -413 | F72: 97.77 | G72: 399.58 | H72: 402.15 | I72: 경희대 | J72: 약학과 | K72: 자연 | L72: 15 | M72: 584.7 / | N72: 800 | O72: 표점 | P72: 변표 | Q72: 2과목 | R72: 20 | S72: 35 | T72: 30 | U72: 97.77 | V72: 132.81741 | W72: 132.7219 | X72: 67.02 | Y72: 67.93 | Z72: 1등급 | AA72: 120 | AB72: 만점 | AC72: 0 | AD72: 만점 | AE72: 0 | AF72: 9.6 | AG72: 0 | AH72: 과탐9.6점 가산 | AL72: 경희대 약학과 | AM72: 자연 | AN72: 75% | AO72: -413 | AP72: -413 | AQ72: 0 | AR72: 1.64 → 1.45 | BA72: 자연57
B73: 1.64 | C73: 3,559 | D73: -275 | F73: 97.77 | G73: 399.50 | H73: 401.77 | I73: 전남대 | J73: 의학과(지역) | K73: 자연 | L73: 25 | M73: 979.367 / | N73: 800 | O73: 표점/만점 | P73: 표점/만점 | Q73: 2과목 | R73: 30 | S73: 40 | T73: 30 | U73: 97.77 | V73: 132.80867 | W73: 132.66069 | X73: 66.37/67.91 | Z73: 1등급 | AA73: 200 | AB73: 만점 | AC73: 10 | AD73: 만점 | AE73: 0 | AF73: 0 | AG73: 0 | AL73: 전남대 의학과(지역) | AM73: 자연 | AN73: 50% | AO73: -275 | AP73: -275 | AQ73: 0 | AR73: 1.65 → 1.52 | BA73: 자연58
B74: 1.66 | C74: 3,602 | D74: -420 | F74: 97.76 | G74: 399.42 | H74: 402.03 | I74: 가톨릭대 | J74: 약학과 | K74: 자연 | L74: 10 | M74: 669.47 / | N74: 1000 | O74: 표점 | P74: 변표 | Q74: 2과목 | R74: 30 | S74: 40 | T74: 30 | U74: 97.76 | V74: 132.80026 | W74: 132.6018 | X74: 67.01 | Y74: 68.36 | Z74: 1등급 | AA74: 0 | AB74: 만점 | AC74: 0 | AD74: 만점 | AE74: 0 | AF74: 0 | AG74: 0 | AL74: 가톨릭대 약학과 | AM74: 자연 | AN74: 75% | AO74: -420 | AP74: -420 | AQ74: 0 | AR74: 1.66 → 1.47 | BA74: 자연59
B75: 1.67 | C75: 3,624 | D75: -562 | F75: 97.75 | G75: 399.35 | H75: 402.36 | I75: 한양대 | J75: 반도체공학과 | K75: 자연 | L75: 9 | M75: 962.58 / | N75: 1000 | O75: 표점/만점 | P75: 변표/만점 | Q75: 2과목 | R75: 25 | S75: 40 | T75: 25 | U75: 97.75 | V75: 132.7926 | W75: 132.54821 | X75: 67 | Y75: 68.61 | Z75: 1등급 | AA75: 100 | AB75: 만점 | AC75: 0 | AD75: 만점 | AE75: 0 | AF75: 0 | AG75: 0 | AL75: 한양대 반도체공학과 | AM75: 자연 | AN75: 100 | AO75: -562 | AP75: -562 | AQ75: 0 | AR75: 1.67 → 1.41 | BA75: 자연60
B76: 1.51 | C76: 3,277 | D76: -282 | F76: 97.75 | G76: 400.28 | H76: 402.20 | I76: 서울대 | J76: 경영대학 | K76: 통합 | L76: 54 | M76: 399.8 / | N76: 600 | O76: 표점 | P76: 표점 | Q76: 2과목 | R76: 33 | S76: 40 | T76: 27 | U76: 97.75 | V76: 132.7903 | W76: 132.53207 | X76: 67.48 | Z76: 1등급 | AA76: 0 | AB76: 만점 | AC76: 0 | AD76: 만점 | AE76: 0 | AF76: 0 | AG76: 0 | AL76: 서울대 경영대학 | AM76: 통합 | AN76: 50% | AO76: -282 | AP76: -240 | AQ76: -42 | AR76: 1.67 → 1.56 | BA76: 자연61
B77: 1.67 | C77: 3,624 | D77: -422 | F77: 97.75 | G77: 399.30 | H77: 401.95 | I77: 서울대 | J77: 산업공학과 | K77: 자연 | L77: 12 | M77: 402 / | N77: 600 | O77: 표점 | P77: 표점 | Q77: 2과목 | R77: 33 | S77: 40 | T77: 27 | U77: 97.75 | V77: 132.78669 | W77: 132.50685 | X77: 67 | Z77: 1등급 | AA77: 0 | AB77: 만점 | AC77: 0 | AD77: 만점 | AE77: 0 | AF77: 3 | AG77: 0 | AH77: 과탐Ⅱ3점 가산 | AL77: 서울대 산업공학과 | AM77: 자연 | AN77: 75% | AO77: -422 | AP77: -422 | AQ77: 0 | AR77: 1.68 → 1.48 | BA77: 자연62
B78: 1.70 | C78: 3,689 | D78: -284 | F78: 97.74 | G78: 399.13 | H78: 401.56 | I78: 동신대 | J78: 한의예 | K78: 자연 | L78: 11 | M78: 996.38 / | N78: 1000 | O78: 백분위 | P78: 백분위 | Q78: 1과목 | R78: 25 | S78: 25 | T78: 20 | U78: 97.74 | V78: 132.76792 | W78: 132.37544 | X78: 66.99 | Z78: 1등급 | AA78: 200 | AB78: 만점 | AC78: 100 | AD78: 만점 | AE78: 0 | AF78: 12.218 | AG78: 0 | AH78: 미/기 5% | AL78: 동신대 한의예 | AM78: 자연 | AN78: 50% | AO78: -284 | AP78: -284 | AQ78: 0 | AR78: 1.70 → 1.57 | BA78: 자연63
B79: 1.69 | C79: 3,667 | D79: -568 | F79: 97.74 | G79: 399.18 | H79: 402.22 | I79: 서강대 | J79: 시스템반도체공학과 | K79: 자연 | L79: 10 | M79: 511.68 / | N79: 600 | O79: 표점 | P79: 변표 | Q79: 2과목 | R79: 37 | S79: 43 | T79: 20 | U79: 97.74 | V79: 132.77386 | W79: 132.41703 | X79: 66.99 | Y79: 69.33 | Z79: 1등급 | AA79: 100 | AB79: 만점 | AC79: 10 | AD79: 만점 | AE79: 0 | AF79: 0.3 | AG79: 0 | AH79: 과탐Ⅱ0.3점 가산 | AL79: 서강대 시스템반도체공학과 | AM79: 자연 | AN79: 100 | AO79: -568 | AP79: -568 | AQ79: 0 | AR79: 1.70 → 1.43 | BA79: 통합인문3
B80: 1.70 | C80: 3,689 | D80: -427 | F80: 97.74 | G80: 399.12 | H80: 401.84 | I80: 서울대 | J80: 화학생물공학부 | K80: 자연 | L80: 27 | M80: 401.8 / | N80: 600 | O80: 표점 | P80: 표점 | Q80: 2과목 | R80: 33 | S80: 40 | T80: 27 | U80: 97.74 | V80: 132.76717 | W80: 132.37017 | X80: 66.99 | Z80: 1등급 | AA80: 0 | AB80: 만점 | AC80: 0 | AD80: 만점 | AE80: 0 | AF80: 3 | AG80: 0 | AH80: 과탐Ⅱ3점 가산 | AL80: 서울대 화학생물공학부 | AM80: 자연 | AN80: 75% | AO80: -427 | AP80: -427 | AQ80: 0 | AR80: 1.70 → 1.50 | BA80: 통합인문4
B81: 1.71 | C81: 3,711 | D81: -427 | F81: 97.73 | G81: 399.03 | H81: 401.77 | I81: 서울대 | J81: 첨단융합학부 | K81: 자연 | L81: 54 | M81: 401.7 / | N81: 600 | O81: 표점 | P81: 표점 | Q81: 2과목 | R81: 33 | S81: 40 | T81: 27 | U81: 97.73 | V81: 132.7574 | W81: 132.30183 | X81: 66.99 | Z81: 1등급 | AA81: 0 | AB81: 만점 | AC81: 0 | AD81: 만점 | AE81: 0 | AF81: 3 | AG81: 0 | AH81: 과탐Ⅱ3점 가산 | AL81: 서울대 첨단융합학부 | AM81: 자연 | AN81: 75% | AO81: -427 | AP81: -427 | AQ81: 0 | AR81: 1.72 → 1.52 | BA81: 자연64
B82: 1.73 | C82: 3,754 | D82: -569 | F82: 97.72 | G82: 398.90 | H82: 402.00 | I82: 고신대 | J82: 의예(지역) | K82: 자연 | L82: 8 | M82: 667.5 / | N82: 1000 | O82: 표점 | P82: 표점 | Q82: 2과목 | R82: 20 | S82: 30 | T82: 20 | U82: 97.72 | V82: 132.74262 | W82: 132.19831 | X82: 66.98 | Z82: 1등급 | AA82: 202.5 | AB82: 만점 | AC82: 0 | AD82: 만점 | AE82: 0 | AF82: 0 | AG82: 0 | AL82: 고신대 의예(지역) | AM82: 자연 | AN82: 100 | AO82: -569 | AP82: -569 | AQ82: 0 | AR82: 1.74 → 1.47 | BA82: 자연65
B83: 1.74 | C83: 3,776 | D83: -428 | F83: 97.72 | G83: 398.86 | H83: 401.66 | I83: 서울대 | J83: 생명과학부 | K83: 자연 | L83: 21 | M83: 401.5 / | N83: 600 | O83: 표점 | P83: 표점 | Q83: 2과목 | R83: 33 | S83: 40 | T83: 27 | U83: 97.72 | V83: 132.73788 | W83: 132.16515 | X83: 66.98 | Z83: 1등급 | AA83: 0 | AB83: 만점 | AC83: 0 | AD83: 만점 | AE83: 0 | AF83: 3 | AG83: 0 | AH83: 과탐Ⅱ3점 가산 | AL83: 서울대 생명과학부 | AM83: 자연 | AN83: 75% | AO83: -428 | AP83: -428 | AQ83: 0 | AR83: 1.74 → 1.54 | BA83: 자연66
B84: 1.74 | C84: 3,776 | D84: -429 | F84: 97.72 | G84: 398.86 | H84: 401.67 | I84: 서울대 | J84: 물리·천문학부 천문학전공 | K84: 자연 | L84: 5 | M84: 401.5 / | N84: 600 | O84: 표점 | P84: 표점 | Q84: 2과목 | R84: 33 | S84: 40 | T84: 27 | U84: 97.72 | V84: 132.73788 | W84: 132.16515 | X84: 66.98 | Z84: 1등급 | AA84: 0 | AB84: 만점 | AC84: 0 | AD84: 만점 | AE84: 0 | AF84: 3 | AG84: 0 | AH84: 물리/화학 필수, 과탐Ⅱ3점 가산 | AL84: 서울대 물리·천문학부 천문학전공 | AM84: 자연 | AN84: 75% | AO84: -429 | AP84: -429 | AQ84: 0 | AR84: 1.74 → 1.54 | BA84: 자연67
B85: 1.77 | C85: 3,841 | D85: -576 | F85: 97.7 | G85: 398.63 | H85: 401.79 | I85: 충남대 | J85: 의예과(지역) | K85: 자연 | L85: 34 | M85: 199.13 / | N85: 300 | O85: 표점 | P85: 표점 | Q85: 2과목 | R85: 25 | S85: 45 | T85: 30 | U85: 97.7 | V85: 132.70964 | W85: 131.99638 | X85: 66.96 | Z85: 1등급 | AA85: 0 | AB85: 만점 | AC85: 0 | AD85: 만점 | AE85: 0 | AF85: 0 | AG85: 0 | AL85: 충남대 의예과(지역) | AM85: 자연 | AN85: 100 | AO85: -576 | AP85: -576 | AQ85: 0 | AR85: 1.78 → 1.52 | BA85: 자연68
B86: 1.79 | C86: 3,884 | D86: -491 | F86: 97.68 | G86: 398.56 | H86: 401.57 | I86: 부산대 | J86: 약학부 | K86: 자연 | L86: 12 | M86: 741.5 / | N86: 1000 | O86: 표점 | P86: 표점 | Q86: 2과목 | R86: 20 | S86: 30 | T86: 30 | U86: 97.68 | V86: 132.68506 | W86: 131.97727 | X86: 66.95 | Z86: 1등급 | AA86: 200 | AB86: 만점 | AC86: 10 | AD86: 만점 | AE86: 0 | AF86: 0 | AG86: 0 | AL86: 부산대 약학부 | AM86: 자연 | AN86: 85% | AO86: -491 | AP86: -491 | AQ86: 0 | AR86: 1.79 → 1.56 | BA86: 자연69
B87: 1.80 | C87: 3,906 | D87: -578 | F87: 97.67 | G87: 398.51 | H87: 401.70 | I87: 조선대 | J87: 약학 | K87: 자연 | L87: 10 | M87: 796 / | N87: 800 | O87: 백분위 | P87: 백분위 | Q87: 1과목 | R87: 25 | S87: 35 | T87: 15 | U87: 97.67 | V87: 132.66667 | W87: 131.96296 | X87: 66.94 | Z87: 1등급 | AA87: 200 | AB87: 만점 | AC87: 10 | AD87: 만점 | AE87: 0 | AF87: 0 | AG87: 0 | AL87: 조선대 약학 | AM87: 자연 | AN87: 100 | AO87: -578 | AP87: -578 | AQ87: 0 | AR87: 1.80 → 1.53 | BA87: 자연70
B88: 1.80 | C88: 3,906 | D88: -290 | F88: 97.67 | G88: 398.51 | H88: 401.25 | I88: 조선대 | J88: 의예(지역) | K88: 자연 | L88: 28 | M88: 796 / | N88: 800 | O88: 백분위 | P88: 백분위 | Q88: 1과목 | R88: 25 | S88: 35 | T88: 15 | U88: 97.67 | V88: 132.66667 | W88: 131.96296 | X88: 66.94 | Z88: 1등급 | AA88: 200 | AB88: 만점 | AC88: 10 | AD88: 만점 | AE88: 0 | AF88: 0 | AG88: 0 | AL88: 조선대 의예(지역) | AM88: 자연 | AN88: 50% | AO88: -290 | AP88: -290 | AQ88: 0 | AR88: 1.80 → 1.67 | BA88: 자연71
B89: 1.80 | C89: 3,906 | D89: -580 | F89: 97.67 | G89: 398.51 | H89: 401.71 | I89: 계명대 | J89: 의예 | K89: 자연 | L89: 21 | M89: 398 / | N89: 400 | O89: 백분위 | P89: 백분위 | Q89: 2과목 | R89: 25 | S89: 25 | T89: 25 | U89: 97.67 | V89: 132.66667 | W89: 131.96296 | X89: 66.94 | Z89: 1등급 | AA89: 100 | AB89: 만점 | AC89: 5 | AD89: 만점 | AE89: 0 | AF89: 0 | AG89: 0 | AH89: 70%컷 99.5점/100만점 | AL89: 계명대 의예 | AM89: 자연 | AN89: 100 | AO89: -580 | AP89: -580 | AQ89: 0 | AR89: 1.80 → 1.53 | BA89: 자연72
B90: 1.80 | C90: 3,906 | D90: -435 | F90: 97.66 | G90: 398.48 | H90: 401.42 | I90: 서울대 | J90: 항공우주공학과 | K90: 자연 | L90: 12 | M90: 401.1 / | N90: 600 | O90: 표점 | P90: 표점 | Q90: 2과목 | R90: 33 | S90: 40 | T90: 27 | U90: 97.66 | V90: 132.65721 | W90: 131.95561 | X90: 66.93 | Z90: 1등급 | AA90: 0 | AB90: 만점 | AC90: 0 | AD90: 만점 | AE90: 0 | AF90: 3 | AG90: 0 | AH90: 물리/화학 필수, 과탐Ⅱ3점 가산 | AL90: 서울대 항공우주공학과 | AM90: 자연 | AN90: 75% | AO90: -435 | AP90: -435 | AQ90: 0 | AR90: 1.81 → 1.61 | BA90: 자연73
B91: 1.85 | C91: 4,015 | D91: -581 | F91: 97.61 | G91: 398.26 | H91: 401.51 | I91: 단국(천안) | J91: 의예과 | K91: 자연 | L91: 40 | M91: 973.3 / | N91: 1000 | O91: 표점/만점 | P91: 백분위 | Q91: 2과목 | R91: 25 | S91: 35 | T91: 25 | U91: 97.61 | V91: 132.57865 | W91: 131.8945 | X91: 66.89 | Z91: 1등급 | AA91: 150 | AB91: 만점 | AC91: 5 | AD91: 만점 | AE91: 0 | AF91: 6.101 | AG91: 0 | AH91: 과II5% | AL91: 단국(천안) 의예과 | AM91: 자연 | AN91: 100 | AO91: -581 | AP91: -581 | AQ91: 0 | AR91: 1.85 → 1.58 | BA91: 자연74
B92: 1.86 | C92: 4,036 | D92: -437 | F92: 97.58 | G92: 398.17 | H92: 401.25 | I92: 서울대 | J92: 화학부 | K92: 자연 | L92: 14 | M92: 400.8 / | N92: 600 | O92: 표점 | P92: 표점 | Q92: 2과목 | R92: 33 | S92: 40 | T92: 27 | U92: 97.58 | V92: 132.54906 | W92: 131.87149 | X92: 66.87 | Z92: 1등급 | AA92: 0 | AB92: 만점 | AC92: 0 | AD92: 만점 | AE92: 0 | AF92: 3 | AG92: 0 | AH92: 물리/화학 필수, 과탐Ⅱ3점 가산 | AL92: 서울대 화학부 | AM92: 자연 | AN92: 75% | AO92: -437 | AP92: -437 | AQ92: 0 | AR92: 1.87 → 1.66 | BA92: 자연75
B93: 1.88 | C93: 4,080 | D93: -584 | F93: 97.56 | G93: 398.06 | H93: 401.40 | I93: 영남대 | J93: 의예 | K93: 자연 | L93: 19 | M93: 792.4 / | N93: 800 | O93: 백분위 | P93: 백분위 | Q93: 2과목 | R93: 25 | S93: 35 | T93: 30 | U93: 97.56 | V93: 132.50794 | W93: 131.83951 | X93: 66.86 | Z93: 1등급 | AA93: 80 | AB93: 만점 | AC93: 10 | AD93: 만점 | AE93: 0 | AF93: 0 | AG93: 0 | AL93: 영남대 의예 | AM93: 자연 | AN93: 100 | AO93: -584 | AP93: -584 | AQ93: 0 | AR93: 1.88 → 1.61 | BA93: 자연76
B94: 1.88 | C94: 4,080 | D94: -587 | F94: 97.55 | G94: 398.05 | H94: 401.41 | I94: 강원대 | J94: 의예과 | K94: 자연 | L94: 16 | M94: 506.35 / | N94: 500 | O94: 백분위 | P94: 백분위 | Q94: 2과목 | R94: 20 | S94: 30 | T94: 30 | U94: 97.55 | V94: 132.50602 | W94: 131.83802 | X94: 66.85 | Z94: 1등급 | AA94: 100 | AB94: 만점 | AC94: 1.5 | AD94: 만점 | AE94: 0 | AF94: 14.633 | AG94: 0 | AH94: 미/기10% | AL94: 강원대 의예과 | AM94: 자연 | AN94: 100 | AO94: -587 | AP94: -587 | AQ94: 0 | AR94: 1.88 → 1.61 | BA94: 자연77
B95: 1.88 | C95: 4,080 | D95: -440 | F95: 97.54 | G95: 398.01 | H95: 401.20 | I95: 아주대 | J95: 약학과 | K95: 자연 | L95: 10 | M95: 980.57 / | N95: 1000 | O95: 표점/만점 | P95: 변표/만점 | Q95: 2과목 | R95: 20 | S95: 35 | T95: 30 | U95: 97.54 | V95: 132.49115 | W95: 131.82645 | X95: 66.85 | Y95: 68.13 | Z95: 1등급 | AA95: 150 | AB95: 만점 | AC95: 0 | AD95: 만점 | AE95: 0 | AF95: 18.639 | AG95: 0 | AH95: 미/기/과탐 3% | AL95: 아주대 약학과 | AM95: 자연 | AN95: 75% | AO95: -440 | AP95: -440 | AQ95: 0 | AR95: 1.89 → 1.68 | BA95: 자연78
B96: 1.89 | C96: 4,101 | D96: -287 | F96: 97.54 | G96: 398.00 | H96: 400.96 | I96: 원광대 | J96: 치의예(자연) | K96: 자연 | L96: 30 | M96: 503 / | N96: 600 | O96: 표점 | P96: 표점 | Q96: 2과목 | R96: 33 | S96: 33 | T96: 33 | U96: 97.54 | V96: 132.48649 | W96: 131.82282 | X96: 66.85 | Z96: 1등급 | AA96: 100 | AB96: 만점 | AC96: 5 | AD96: 만점 | AE96: 0 | AF96: 0 | AG96: 0 | AL96: 원광대 치의예(자연) | AM96: 자연 | AN96: 50% | AO96: -287 | AP96: -287 | AQ96: 0 | AR96: 1.89 → 1.76 | BA96: 자연79
B97: 1.89 | C97: 4,101 | D97: -573 | F97: 97.54 | G97: 398.00 | H97: 401.36 | I97: 원광대 | J97: 의예 | K97: 자연 | L97: 22 | M97: 503 / | N97: 600 | O97: 표점 | P97: 표점 | Q97: 2과목 | R97: 33 | S97: 33 | T97: 33 | U97: 97.54 | V97: 132.48649 | W97: 131.82282 | X97: 66.85 | Z97: 1등급 | AA97: 100 | AB97: 만점 | AC97: 5 | AD97: 만점 | AE97: 0 | AF97: 0 | AG97: 0 | AL97: 원광대 의예 | AM97: 자연 | AN97: 100 | AO97: -573 | AP97: -573 | AQ97: 0 | AR97: 1.89 → 1.63 | BA97: 자연80
B98: 1.89 | C98: 4,101 | D98: -444 | F98: 97.53 | G98: 397.97 | H98: 401.18 | I98: 서울대 | J98: 재료공학부 | K98: 자연 | L98: 32 | M98: 400.6 / | N98: 600 | O98: 표점 | P98: 표점 | Q98: 2과목 | R98: 33 | S98: 40 | T98: 27 | U98: 97.53 | V98: 132.47696 | W98: 131.81541 | X98: 66.84 | Z98: 1등급 | AA98: 0 | AB98: 만점 | AC98: 0 | AD98: 만점 | AE98: 0 | AF98: 3 | AG98: 0 | AH98: 과탐Ⅱ3점 가산 | AL98: 서울대 재료공학부 | AM98: 자연 | AN98: 75% | AO98: -444 | AP98: -444 | AQ98: 0 | AR98: 1.90 → 1.69 | BA98: 통합인문5
B99: 1.90 | C99: 4,123 | D99: -504 | F99: 97.52 | G99: 397.93 | H99: 401.24 | I99: 충남대 | J99: 수의예과 | K99: 자연 | L99: 12 | M99: 198.79 / | N99: 300 | O99: 표점 | P99: 표점 | Q99: 2과목 | R99: 25 | S99: 45 | T99: 30 | U99: 97.52 | V99: 132.46198 | W99: 131.80376 | X99: 66.83 | Z99: 1등급 | AA99: 0 | AB99: 만점 | AC99: 0 | AD99: 만점 | AE99: 0 | AF99: 0 | AG99: 0 | AL99: 충남대 수의예과 | AM99: 자연 | AN99: 85% | AO99: -504 | AP99: -504 | AQ99: 0 | AR99: 1.90 → 1.67 | BA99: 자연81
B100: 1.91 | C100: 4,145 | D100: -595 | F100: 97.5 | G100: 397.83 | H100: 401.32 | I100: 건양대 | J100: 의학 | K100: 자연 | L100: 17 | M100: 980 / | N100: 1000 | O100: 백분위 | P100: 백분위 | Q100: 2과목 | R100: 20 | S100: 30 | T100: 30 | U100: 97.5 | V100: 132.42857 | W100: 131.77778 | X100: 66.81 | Z100: 1등급 | AA100: 200 | AB100: 만점 | AC100: 0 | AD100: 만점 | AE100: 0 | AF100: 0 | AG100: 0 | AH100: 392점/400만점 | AL100: 건양대 의학 | AM100: 자연 | AN100: 100 | AO100: -595 | AP100: -595 | AQ100: 0 | AR100: 1.92 → 1.64 | BA100: 자연82
...

Sheet  본인점수 입력 
B1: 환산점수 엑셀배치표 2026학년도 수능 실채점기준 (2025. 12. 07 제작)
B2: 제작 및 검토 < 베텔기우스 > Betelgeuse058.tistory.com
AD3: 응시여부코드 | AE3: (1~2) | AF3: (3~5) | AG3: (6~13) | AI3: (10~13) | AJ3: (14~22) | AL3: 23 | AM3: 24 | AN3: 25
B4: 노란칸에 점수를 입력합니다. (영어, 한국사, 제2외국어 등 응시한 과목은 모두 입력해야 지원가능 여부를 알 수 있습니다.) (미응시 영역은 비워둠) | AE4: 적용점수
AE5: 고득점순 | AF5: 고득점순 | AG5: 고득점순 | AH5: 고득점순 | AI5: 가산점용 | AJ5: 고득점순 | AK5: 고득점순 | AL5: 고득점순 | AM5: 고득점순 | AN5: 고득점순
B6: 국어 | D6: 수학 | G6: 과탐 | O6: 사탐 | AE6: 1 | AF6: 1 | AG6: 1 | AH6: 2 | AI6: 1 | AJ6: 1 | AK6: 2 | AL6: 1 | AM6: 1 | AN6: 1
B7: 언매 | C7: 화작 | D7: 미적 | E7: 기하 | F7: 확통 | G7: 물리Ⅰ | H7: 화학Ⅰ | I7: 생명과학Ⅰ | J7: 지구과학Ⅰ | K7: 물리II | L7: 화학II | M7: 생명과학II | N7: 지구과학II | O7: 생활과윤리 | P7: 윤리와사상 | Q7: 한국지리 | R7: 세계지리 | S7: 동아시아사 | T7: 세계사 | U7: 경제 | V7: 정치와법 | W7: 사회문화 | AE7: 국어 | AF7: 수학 | AG7: 과탐1 | AH7: 과탐2 | AI7: 과탐Ⅱ | AJ7: 사탐1 | AK7: 사탐2 | AL7: 영어 | AM7: 한국사 | AN7: 제2외국어
A8: 원점수 | AD8: 원점 | AE8: =IFERROR(INDEX(B8:C8,MATCH($AE$6,B38:C38,0)),0) -> 0 | AF8: =IFERROR(INDEX(D8:F8,MATCH($AF$6,D38:F38,0)),0) -> 0 | AG8: =IFERROR(INDEX($G8:$N8,MATCH(AG$6,$G$38:$N$38,0)),0) -> 0 | AH8: =IFERROR(INDEX($G8:$N8,MATCH(AH$6,$G$38:$N$38,0)),0) -> 0 | AI8: =IFERROR(MAX(K8:N8),0) -> 0 | AJ8: =IFERROR(INDEX(O8:W8,MATCH($AJ$6,O38:W38,0)),0) -> 0 | AK8: =IFERROR(INDEX(O8:W8,MATCH($AK$6,O38:W38,0)),0) -> 0 | AL8: =B14 -> 0 | AM8: =C14 -> 0 | AN8: =D14 -> 0
A9: 표준점수 | B9: =IF($B$31=1,B22,IFERROR(ROUND(B58,0),"")) -> 0 | C9: =IF($B$31=1,C22,IFERROR(ROUND(C58,0),"")) -> 0 | D9: =IF($B$31=1,D22,IFERROR(ROUND(D58,0),"")) -> 0 | E9: =IF($B$31=1,E22,IFERROR(ROUND(E58,0),"")) -> 0 | F9: =IF($B$31=1,F22,IFERROR(ROUND(F58,0),"")) -> 0 | G9: =IF($B$31=1,G22,IFERROR(ROUND(G58,0),"")) -> 0 | H9: =IF($B$31=1,H22,IFERROR(ROUND(H58,0),"")) -> 0 | I9: =IF($B$31=1,I22,IFERROR(ROUND(I58,0),"")) -> 0 | ... W9: =IF($B$31=1,W22,IFERROR(ROUND(W58,0),"")) -> 0 | AD9: 표점 | AE9: =IFERROR(INDEX(B9:C9,MATCH($AE$6,B39:C39,0)),0) -> 0 | AF9: =IFERROR(INDEX(D9:F9,MATCH($AF$6,D39:F39,0)),0) -> 0 | AG9: =IFERROR(INDEX($G9:$N9,MATCH(AG$6,$G$39:$N$39,0)),0) -> 0 | AH9: =IFERROR(INDEX($G9:$N9,MATCH(AH$6,$G$39:$N$39,0)),0) -> 0 | AI9: =IFERROR(MAX(K9:N9),0) -> 0 | AJ9: =IFERROR(INDEX(O9:W9,MATCH($AJ$6,O39:W39,0)),0) -> 0 | AK9: =IFERROR(INDEX(O9:W9,MATCH($AK$6,O39:W39,0)),0) -> 0 | AL9: =B15 -> 0 | AM9: =C15 -> 0 | AN9: =D15 -> 0
A10: 백분위 | B10: =IF($B$31=1,B23,IF(B58="","",IFERROR(IF(MAX($B$163:$B$178)>110,INDEX($A$163:$A$253,MATCH(B$58,B163:B253,-1)),INDEX(B163:B253,MATCH(B$8,$A$163:$A$253,0))),""))) -> 0 | C10: =IF($B$31=1,C23,IF(C58="","",IFERROR(IF(MAX($B$163:$B$178)>110,INDEX($A$163:$A$253,MATCH(C$58,C163:C253,-1)),INDEX(C163:C253,MATCH(C$8,$A$163:$A$253,0))),""))) -> 0 | D10: =IF($B$31=1,D23,IF(D58="","",IFERROR(IF(MAX($B$163:$B$178)>110,INDEX($A$163:$A$253,MATCH(D$58,D163:D253,-1)),INDEX(D163:D253,MATCH(D$8,$A$163:$A$253,0))),""))) -> 0 | E10: =IF($B$31=1,E23,IF(E58="","",IFERROR(IF(MAX($B$163:$B$178)>110,INDEX($A$163:$A$253,MATCH(E$58,E163:E253,-1)),INDEX(E163:E253,MATCH(E$8,$A$163:$A$253,0))),""))) -> 0 | F10: =IF($B$31=1,F23,IF(F58="","",IFERROR(IF(MAX($B$163:$B$178)>110,INDEX($A$163:$A$253,MATCH(F$58,F163:F253,-1)),INDEX(F163:F253,MATCH(F$8,$A$163:$A$253,0))),""))) -> 0 | G10: =IF($B$31=1,G23,IF(G58="","",IFERROR(IF(MAX($B$163:$B$178)>110,INDEX($A$163:$A$253,MATCH(G$58,G163:G253,-1)),INDEX(G163:G253,MATCH(G$8,$AA$163:$AA$253,0))),""))) -> 0 | H10: =IF($B$31=1,H23,IF(H58="","",IFERROR(IF(MAX($B$163:$B$178)>110,INDEX($A$163:$A$253,MATCH(H$58,H163:H253,-1)),INDEX(H163:H253,MATCH(H$8,$AA$163:$AA$253,0))),""))) -> 0 | I10: =IF($B$31=1,I23,IF(I58="","",IFERROR(IF(MAX($B$163:$B$178)>110,INDEX($A$163:$A$253,MATCH(I$58,I163:I253,-1)),INDEX(I163:I253,MATCH(I$8,$AA$163:$AA$253,0))),""))) -> 0 | J10: =IF($B$31=1,J23,IF(J58="","",IFERROR(IF(MAX($B$163:$B$178)>110,INDEX($A$163:$A$253,MATCH(J$58,J163:J253,-1)),INDEX(J163:J253,MATCH(J$8,$AA$163:$AA$253,0))),""))) -> 0 | K10: =IF($B$31=1,K23,IF(K58="","",IFERROR(IF(MAX($B$163:$B$178)>110,INDEX($A$163:$A$253,MATCH(K$58,K163:K253,-1)),INDEX(K163:K253,MATCH(K$8,$AA$163:$AA$253,0))),""))) -> 0 | L10: =IF($B$31=1,L23,IF(L58="","",IFERROR(IF(MAX($B$163:$B$178)>110,INDEX($A$163:$A$253,MATCH(L$58,L163:L253,-1)),INDEX(L163:L253,MATCH(L$8,$AA$163:$AA$253,0))),""))) -> 0 | M10: =IF($B$31=1,M23,IF(M58="","",IFERROR(IF(MAX($B$163:$B$178)>110,INDEX($A$163:$A$253,MATCH(M$58,M163:M253,-1)),INDEX(M163:M253,MATCH(M$8,$AA$163:$AA$253,0))),""))) -> 0 | N10: =IF($B$31=1,N23,IF(N58="","",IFERROR(IF(MAX($B$163:$B$178)>110,INDEX($A$163:$A$253,MATCH(N$58,N163:N253,-1)),INDEX(N163:N253,MATCH(N$8,$AA$163:$AA$253,0))),""))) -> 0 | ... W10: =IF($B$31=1,W23,IF(W58="","",IFERROR(IF(MAX($B$163:$B$178)>110,INDEX($A$163:$A$253,MATCH(W$58,W163:W253,-1)),INDEX(W163:W253,MATCH(W$8,$AA$163:$AA$253,0))),""))) -> 0 | AD10: 백분 | AE10: =IFERROR(INDEX(B10:C10,MATCH($AE$6,B40:C40,0)),0) -> 0 | AF10: =IFERROR(INDEX(D10:F10,MATCH($AF$6,D40:F40,0)),0) -> 0 | AG10: =IFERROR(INDEX($G10:$N10,MATCH(AG$6,$G$40:$N$40,0)),0) -> 0 | AH10: =IFERROR(INDEX($G10:$N10,MATCH(AH$6,$G$40:$N$40,0)),0) -> 0 | AI10: =IFERROR(MAX(K10:N10),0) -> 0 | AJ10: =IFERROR(INDEX(O10:W10,MATCH($AJ$6,O40:W40,0)),0) -> 0 | AK10: =IFERROR(INDEX(O10:W10,MATCH($AK$6,O40:W40,0)),0) -> 0 | AL10: =B16 -> 0 | AM10: =C16 -> 0 | AN10: =D16 -> 0
A11: 등급 | B11: =IF($B$31=1,B24,IF(B8="","",IFERROR(INDEX(B263:B353,MATCH(B$8,$A$263:$A$353,0)),""))) -> 0 | C11: =IF($B$31=1,C24,IF(C8="","",IFERROR(INDEX(C263:C353,MATCH(C$8,$A$263:$A$353,0)),""))) -> 0 | D11: =IF($B$31=1,D24,IF(D8="","",IFERROR(INDEX(D263:D353,MATCH(D$8,$A$263:$A$353,0)),""))) -> 0 | E11: =IF($B$31=1,E24,IF(E8="","",IFERROR(INDEX(E263:E353,MATCH(E$8,$A$263:$A$353,0)),""))) -> 0 | F11: =IF($B$31=1,F24,IF(F8="","",IFERROR(INDEX(F263:F353,MATCH(F$8,$A$263:$A$353,0)),""))) -> 0 | G11: =IF($B$31=1,G24,IF(G8="","",IFERROR(INDEX(G263:G353,MATCH(G$8,$AA$263:$AA$353,0)),""))) -> 0 | H11: =IF($B$31=1,H24,IF(H8="","",IFERROR(INDEX(H263:H353,MATCH(H$8,$AA$263:$AA$353,0)),""))) -> 0 | I11: =IF($B$31=1,I24,IF(I8="","",IFERROR(INDEX(I263:I353,MATCH(I$8,$AA$263:$AA$353,0)),""))) -> 0 | J11: =IF($B$31=1,J24,IF(J8="","",IFERROR(INDEX(J263:J353,MATCH(J$8,$AA$263:$AA$353,0)),""))) -> 0 | K11: =IF($B$31=1,K24,IF(K8="","",IFERROR(INDEX(K263:K353,MATCH(K$8,$AA$263:$AA$353,0)),""))) -> 0 | L11: =IF($B$31=1,L24,IF(L8="","",IFERROR(INDEX(L263:L353,MATCH(L$8,$AA$263:$AA$353,0)),""))) -> 0 | M11: =IF($B$31=1,M24,IF(M8="","",IFERROR(INDEX(M263:M353,MATCH(M$8,$AA$263:$AA$353,0)),""))) -> 0 | N11: =IF($B$31=1,N24,IF(N8="","",IFERROR(INDEX(N263:N353,MATCH(N$8,$AA$263:$AA$353,0)),""))) -> 0 | ... W11: =IF($B$31=1,W24,IF(W8="","",IFERROR(INDEX(W263:W353,MATCH(W$8,$AA$263:$AA$353,0)),""))) -> 0 | AD11: 등급 | AE11: =IFERROR(INDEX(B11:C11,MATCH($AE$6,B41:C41,0)),0) -> 0 | AF11: =IFERROR(INDEX(D11:F11,MATCH($AF$6,D41:F41,0)),0) -> 0 | AG11: =IFERROR(INDEX($G11:$N11,MATCH(AG$6,$G$41:$N$41,0)),0) -> 0 | AH11: =IFERROR(INDEX($G11:$N11,MATCH(AH$6,$G$41:$N$41,0)),0) -> 0 | AI11: =IFERROR(MAX(K11:N11),0) -> 0 | AJ11: =IFERROR(INDEX(O11:W11,MATCH($AJ$6,O41:W41,0)),0) -> 0 | AK11: =IFERROR(INDEX(O11:W11,MATCH($AK$6,O41:W41,0)),0) -> 0 | AL11: =B17 | AM11: =C17 | AN11: =D17
B13: 영어 | C13: 한국사 | D13: 제2외국어
A14: 원점수
A15: 표준점수 | AD15: 과목수 | AG15: 8 | AH15: 8 | AI15: 4 | AJ15: 9 | AK15: 9
A16: 백분위 | AD16: 변표 | AE16: =IFERROR(INDEX(B21:C21,MATCH($AE$6,B42:C42,0)),0) -> 0 | AF16: =IFERROR(INDEX(D21:F21,MATCH($AF$6,D42:F42,0)),0) -> 0 | AG16: =IFERROR(INDEX($G21:$N21,MATCH(AG$6,$G$42:$N$42,0)),0) -> 0 | AH16: =IFERROR(INDEX($G21:$N21,MATCH(AH$6,$G$42:$N$42,0)),0) -> 0 | AI16: =IFERROR(MAX(K21:N21),0) -> 0 | AJ16: =IFERROR(INDEX(O21:W21,MATCH($AJ$6,O42:W42,0)),0) -> 0 | AK16: =IFERROR(INDEX(O21:W21,MATCH($AK$6,O42:W42,0)),0) -> 0 | AL16: =X21 -> 0 | AM16: =Y21 -> 0 | AN16: =Z21 -> 0
A17: 등급 | B17: =IF(AND($B31=1,B27>0),B27,IF(B14="","",IFERROR(INDEX(X263:X353,MATCH(B$14,$A$263:$A$333,0)),""))) | C17: =IF(AND($B31=1,C27>0),C27,IF(C14="","",IFERROR(INDEX(Y263:Y353,MATCH(C$14,$AA$263:$AA$333,0)),""))) | D17: =IF(AND($B31=1,D27>0),D27,IF(D14="","",IFERROR(INDEX(Z263:Z353,MATCH(D$14,$AA$263:$AA$333,0)),""))) | AD17: 최고표점 | AE17: =IFERROR(MAX(B32:C32),0) -> 139 | AF17: =IFERROR(MAX(D32:F32),0) -> 140 | AG17: =IFERROR(INDEX($G32:$N32,MATCH(AG$6,$G$39:$N$39,0)),0) -> 72 | AH17: =IFERROR(INDEX($G32:$N32,MATCH(AH$6,$G$39:$N$39,0)),0) -> 72 | AI17: =IFERROR(INDEX(K32:N32,MATCH(AI6,K39:N39,0)),0) -> 72 | AJ17: =IFERROR(INDEX(O32:W32,MATCH($AJ$6,O39:W39,0)),0) -> 69 | AK17: =IFERROR(INDEX(O32:W32,MATCH($AK$6,O39:W39,0)),0) -> 66 | AL17: =X22 -> 0 | AM17: =Y22 -> 0 | AN17: =Z22 -> 0
AD18: 응시과목명 | AG18: =IFERROR(INDEX($G7:$N7,MATCH(AG$6,$G$39:$N$39,0)),0) -> 지구과학II | AH18: =IFERROR(INDEX($G7:$N7,MATCH(AH$6,$G$39:$N$39,0)),0) -> 생명과학II | AI18: =IF(K43>0,K7,IF(L43>0,L7,IF(M43>0,M7,IF(N43>0,N7,"미응시")))) -> 미응시
AF19: 과탐 전체최고표점 | AG19: =LARGE(G32:N32,1) -> 73
B20: 국어 | D20: 수학 | G20: 과탐 | O20: 사탐 | AD20: 표점합 | AE20: =B22+C22+D22+F22+E22+G22+H22+I22+J22+K22+L22+M22+N22+O22+P22+Q22+R22+S22+T22+U22+V22+W22 -> 0
B21: 언매 | C21: 화작 | D21: 미적 | E21: 기하 | F21: 확통 | G21: 물리Ⅰ | H21: 화학Ⅰ | I21: 생명과학Ⅰ | J21: 지구과학Ⅰ | K21: 물리II | L21: 화학II | M21: 생명과학II | N21: 지구과학II | O21: 생활과윤리 | P21: 윤리와사상 | Q21: 한국지리 | R21: 세계지리 | S21: 동아시아사 | T21: 세계사 | U21: 경제 | V21: 정치와법 | W21: 사회문화 | AG21: 탐구 과목명(고득점순)
A22: 표준점수 | AD22: *원점일때 20~27행 축소 | AF22: =AD8 -> 원점 | AG22: =IF(AG8=0,"",OFFSET($G$7,0,AG28-1)) | AH22: =IF(AH8=0,"",OFFSET($G$7,0,AH28-1)) | AI22: =IF(AI8=0,"",OFFSET($K$7,0,AI28-1)) | AJ22: =IF(AJ8=0,"",OFFSET($O$7,0,AJ28-1)) | AK22: =IF(AK8=0,"",OFFSET($O$7,0,AK28-1))
A23: 백분위 | AD23: *표점일때 ad~an열은 축소 | AF23: =AD9 -> 표점 | AG23: =IF(AG9=0,"",OFFSET($G$7,0,AG29-1)) | AH23: =IF(AH9=0,"",OFFSET($G$7,0,AH29-1)) | AI23: =IF(AI9=0,"",OFFSET($K$7,0,AI29-1)) | AJ23: =IF(AJ9=0,"",OFFSET($O$7,0,AJ29-1)) | AK23: =IF(AK9=0,"",OFFSET($O$7,0,AK29-1))
A24: 등급 | AF24: =AD10 -> 백분 | AG24: =IF(AG10=0,"",OFFSET($G$7,0,AG30-1)) | AH24: =IF(AH10=0,"",OFFSET($G$7,0,AH30-1)) | AI24: =IF(AI10=0,"",OFFSET($K$7,0,AI30-1)) | AJ24: =IF(AJ10=0,"",OFFSET($O$7,0,AJ30-1)) | AK24: =IF(AK10=0,"",OFFSET($O$7,0,AK30-1))
AF25: =AD11 -> 등급 | AG25: =IF(AG11=0,"",OFFSET($G$7,0,AG31-1)) | AH25: =IF(AH11=0,"",OFFSET($G$7,0,AH31-1)) | AI25: =IF(AI11=0,"",OFFSET($K$7,0,AI31-1)) | AJ25: =IF(AJ11=0,"",OFFSET($O$7,0,AJ31-1)) | AK25: =IF(AK11=0,"",OFFSET($O$7,0,AK31-1))
B26: 영어 | C26: 한국사 | D26: 제2외국어 | AF26: =AD12 -> 0 | AG26: =IF(AG12=0,"",OFFSET($G$7,0,AG32-1)) | AH26: =IF(AH12=0,"",OFFSET($G$7,0,AH32-1)) | AI26: =IF(AI12=0,"",OFFSET($K$7,0,AI32-1)) | AJ26: =IF(AJ12=0,"",OFFSET($O$7,0,AJ32-1)) | AK26: =IF(AK12=0,"",OFFSET($O$7,0,AK32-1))
A27: 등급 | AF27: =AD13 -> 0 | AG27: =IF(AG13=0,"",OFFSET($G$7,0,AG33-1)) | AH27: =IF(AH13=0,"",OFFSET($G$7,0,AH33-1)) | AI27: =IF(AI13=0,"",OFFSET($K$7,0,AI33-1)) | AJ27: =IF(AJ13=0,"",OFFSET($O$7,0,AJ33-1)) | AK27: =IF(AK13=0,"",OFFSET($O$7,0,AK33-1))
AF28: =AF22 -> 원점 | AG28: =MATCH(AG8,$G8:$N8,0) -> #N/A | AH28: =IF(AH8<>AG8,MATCH(AH8,$G8:$N8,0),AG28+MATCH(AH8,OFFSET($G8,0,AG28,1,AH$15-AG28),0)) -> #N/A | AI28: =MATCH(AI8,$K8:$N8,0) -> #N/A | AJ28: =MATCH(AJ8,$O8:$W8,0) -> #N/A | AK28: =IF(AK8<>AJ8,MATCH(AK8,$O8:$W8,0),AJ28+MATCH(AK8,OFFSET($O8,0,AJ28,1,AK$15-AJ28),0)) -> #N/A
AF29: =AF23 -> 표점 | AG29: =MATCH(AG9,$G9:$N9,0) -> 1 | AH29: =IF(AH9<>AG9,MATCH(AH9,$G9:$N9,0),AG29+MATCH(AH9,OFFSET($G9,0,AG29,1,AH$15-AG29),0)) -> 2 | AI29: =MATCH(AI9,$K9:$N9,0) -> 1 | AJ29: =MATCH(AJ9,$O9:$W9,0) -> 1 | AK29: =IF(AK9<>AJ9,MATCH(AK9,$O9:$W9,0),AJ29+MATCH(AK9,OFFSET($O9,0,AJ29,1,AK$15-AJ29),0)) -> 2
AF30: =AF24 -> 백분 | AG30: =MATCH(AG10,$G10:$N10,0) -> 1 | AH30: =IF(AH10<>AG10,MATCH(AH10,$G10:$N10,0),AG30+MATCH(AH10,OFFSET($G10,0,AG30,1,AH$15-AG30),0)) -> 2 | AI30: =MATCH(AI10,$K10:$N10,0) -> 1 | AJ30: =MATCH(AJ10,$O10:$W10,0) -> 1 | AK30: =IF(AK10<>AJ10,MATCH(AK10,$O10:$W10,0),AJ30+MATCH(AK10,OFFSET($O10,0,AJ30,1,AK$15-AJ30),0)) -> 2
A31: 원점/표점코드 | B31: ='배치점수 계산기'!E4 -> 1 | C31: ='배치점수 계산기'!D5 -> 표준점수 기준 | E31: *코드는 배치점수 계산기의 값을 따름 | X31: 영어 | Y31: 한국사 | Z31: 제2외국 | AF31: =AF25 -> 등급 | AG31: =MATCH(AG11,$G11:$N11,0) -> 1 | AH31: =IF(AH11<>AG11,MATCH(AH11,$G11:$N11,0),AG31+MATCH(AH11,OFFSET($G11,0,AG31,1,AH$15-AG31),0)) -> 2 | AI31: =MATCH(AI11,$K11:$N11,0) -> 1 | AJ31: =MATCH(AJ11,$O11:$W11,0) -> 1 | AK31: =IF(AK11<>AJ11,MATCH(AK11,$O11:$W11,0),AJ31+MATCH(AK11,OFFSET($O11,0,AJ31,1,AK$15-AJ31),0)) -> 2
A32: 최고표점 | B32: =IFERROR(IF($B$31=1,B49,ROUND(B63,0)),"") -> 139 | C32: =IFERROR(IF($B$31=1,C49,ROUND(C63,0)),"") -> 139 | D32: =IFERROR(IF($B$31=1,D49,ROUND(D63,0)),"") -> 140 | E32: =IFERROR(IF($B$31=1,E49,ROUND(E63,0)),"") -> 137 | F32: =IFERROR(IF($B$31=1,F49,ROUND(F63,0)),"") -> 134 | G32: =IFERROR(IF($B$31=1,G49,ROUND(G63,0)),"") -> 67 | H32: =IFERROR(IF($B$31=1,H49,ROUND(H63,0)),"") -> 65 | I32: =IFERROR(IF($B$31=1,I49,ROUND(I63,0)),"") -> 70 | ... W32: =IFERROR(IF($B$31=1,W49,ROUND(W63,0)),"") -> 69 | X32: =IFERROR(X63,"") -> 0 | Y32: =IFERROR(Y63,"") -> 0 | Z32: =IFERROR(Z63,"") -> 0 | AF32: =AF26 -> 0 | AG32: =MATCH(AG12,$G12:$N12,0) -> #N/A | AH32: =IF(AH12<>AG12,MATCH(AH12,$G12:$N12,0),AG32+MATCH(AH12,OFFSET($G12,0,AG32,1,AH$15-AG32),0)) -> #N/A | AI32: =MATCH(AI12,$K12:$N12,0) -> #N/A | AJ32: =MATCH(AJ12,$O12:$W12,0) -> #N/A | AK32: =IF(AK12<>AJ12,MATCH(AK12,$O12:$W12,0),AJ32+MATCH(AK12,OFFSET($O12,0,AJ32,1,AK$15-AJ32),0)) -> #N/A
A33: 원점순위용 | B33: =IF(B8="","",B8+COLUMN(B8)*0.0001) | C33: =IF(C8="","",C8+COLUMN(C8)*0.0001) | D33: =IF(D8="","",D8+COLUMN(D8)*0.0001) | E33: =IF(E8="","",E8+COLUMN(E8)*0.0001) | F33: =IF(F8="","",F8+COLUMN(F8)*0.0001) | G33: =IF(G8="","",G8+COLUMN(G8)*0.0001) | H33: =IF(H8="","",H8+COLUMN(H8)*0.0001) | I33: =IF(I8="","",I8+COLUMN(I8)*0.0001) | ... W33: =IF(W8="","",W8+COLUMN(W8)*0.0001)
A34: 표점순위용 | B34: =IFERROR(IF($B$31=9,B9+COLUMN(B9)*0.0001,B22+COLUMN(B22)*0.0001),"") -> 0.0002 | C34: =IFERROR(IF($B$31=9,C9+COLUMN(C9)*0.0001,C22+COLUMN(C22)*0.0001),"") -> 0.0003 | D34: =IFERROR(IF($B$31=9,D9+COLUMN(D9)*0.0001,D22+COLUMN(D22)*0.0001),"") -> 0.0004 | E34: =IFERROR(IF($B$31=9,E9+COLUMN(E9)*0.0001,E22+COLUMN(E22)*0.0001),"") -> 0.0005 | F34: =IFERROR(IF($B$31=9,F9+COLUMN(F9)*0.0001,F22+COLUMN(F22)*0.0001),"") -> 0.0006 | G34: =IFERROR(IF($B$31=9,G9+COLUMN(G9)*0.0001,G22+COLUMN(G22)*0.0001),"") -> 0.0007 | H34: =IFERROR(IF($B$31=9,H9+COLUMN(H9)*0.0001,H22+COLUMN(H22)*0.0001),"") -> 0.0008 | I34: =IFERROR(IF($B$31=9,I9+COLUMN(I9)*0.0001,I22+COLUMN(I22)*0.0001),"") -> 0.0009 | ... W34: =IFERROR(IF($B$31=9,W9+COLUMN(W9)*0.0001,W22+COLUMN(W22)*0.0001),"") -> 0.0023
A35: 백분순위용 | B35: =IFERROR(IF($B$31=9,B10+COLUMN(B10)*0.0001,B23+COLUMN(B23)*0.0001),"") -> 0.0002 | C35: =IFERROR(IF($B$31=9,C10+COLUMN(C10)*0.0001,C23+COLUMN(C23)*0.0001),"") -> 0.0003 | D35: =IFERROR(IF($B$31=9,D10+COLUMN(D10)*0.0001,D23+COLUMN(D23)*0.0001),"") -> 0.0004 | E35: =IFERROR(IF($B$31=9,E10+COLUMN(E10)*0.0001,E23+COLUMN(E23)*0.0001),"") -> 0.0005 | F35: =IFERROR(IF($B$31=9,F10+COLUMN(F10)*0.0001,F23+COLUMN(F23)*0.0001),"") -> 0.0006 | G35: =IFERROR(IF($B$31=9,G10+COLUMN(G10)*0.0001,G23+COLUMN(G23)*0.0001),"") -> 0.0007 | H35: =IFERROR(IF($B$31=9,H10+COLUMN(H10)*0.0001,H23+COLUMN(H23)*0.0001),"") -> 0.0008 | I35: =IFERROR(IF($B$31=9,I10+COLUMN(I10)*0.0001,I23+COLUMN(I23)*0.0001),"") -> 0.0009 | ... W35: =IFERROR(IF($B$31=9,W10+COLUMN(W10)*0.0001,W23+COLUMN(W23)*0.0001),"") -> 0.0023
A36: 등급순위용 | B36: =IFERROR(IF($B$31=9,B11+COLUMN(B11)*0.0001,B24+COLUMN(B24)*0.0001),"") -> 0.0002 | C36: =IFERROR(IF($B$31=9,C11+COLUMN(C11)*0.0001,C24+COLUMN(C24)*0.0001),"") -> 0.0003 | D36: =IFERROR(IF($B$31=9,D11+COLUMN(D11)*0.0001,D24+COLUMN(D24)*0.0001),"") -> 0.0004 | E36: =IFERROR(IF($B$31=9,E11+COLUMN(E11)*0.0001,E24+COLUMN(E24)*0.0001),"") -> 0.0005 | F36: =IFERROR(IF($B$31=9,F11+COLUMN(F11)*0.0001,F24+COLUMN(F24)*0.0001),"") -> 0.0006 | G36: =IFERROR(IF($B$31=9,G11+COLUMN(G11)*0.0001,G24+COLUMN(G24)*0.0001),"") -> 0.0007 | H36: =IFERROR(IF($B$31=9,H11+COLUMN(H11)*0.0001,H24+COLUMN(H24)*0.0001),"") -> 0.0008 | I36: =IFERROR(IF($B$31=9,I11+COLUMN(I11)*0.0001,I24+COLUMN(I24)*0.0001),"") -> 0.0009 | ... W36: =IFERROR(IF($B$31=9,W11+COLUMN(W11)*0.0001,W24+COLUMN(W24)*0.0001),"") -> 0.0023 | X36: =IF($B$31=9,B17+COLUMN(B17)*0.0001,B27+COLUMN(B27)*0.0001) -> 0.0002 | Y36: =IF($B$31=9,C17+COLUMN(C17)*0.0001,C27+COLUMN(C27)*0.0001) -> 0.0003 | Z36: =IF($B$31=9,D17+COLUMN(D17)*0.0001,D27+COLUMN(D27)*0.0001) -> 0.0004
A38: 원점순위 | B38: =IFERROR(RANK(B33,$B33:$C33,0),"") | C38: =IFERROR(RANK(C33,$B33:$C33,0),"") | D38: =IFERROR(RANK(D33,$D33:$F33,0),"") | E38: =IFERROR(RANK(E33,$D33:$F33,0),"") | F38: =IFERROR(RANK(F33,$D33:$F33,0),"") | G38: =IFERROR(RANK(G33,$G33:$N33,0),"") | H38: =IFERROR(RANK(H33,$G33:$N33,0),"") | I38: =IFERROR(RANK(I33,$G33:$N33,0),"") | J38: =IFERROR(RANK(J33,$G33:$N33,0),"") | K38: =IFERROR(RANK(K33,$G33:$N33,0),"") | L38: =IFERROR(RANK(L33,$G33:$N33,0),"") | M38: =IFERROR(RANK(M33,$G33:$N33,0),"") | N38: =IFERROR(RANK(N33,$G33:$N33,0),"") | O38: =IFERROR(RANK(O33,$O33:$W33,0),"") | P38: =IFERROR(RANK(P33,$O33:$W33,0),"") | Q38: =IFERROR(RANK(Q33,$O33:$W33,0),"") | R38: =IFERROR(RANK(R33,$O33:$W33,0),"") | S38: =IFERROR(RANK(S33,$O33:$W33,0),"") | T38: =IFERROR(RANK(T33,$O33:$W33,0),"") | U38: =IFERROR(RANK(U33,$O33:$W33,0),"") | V38: =IFERROR(RANK(V33,$O33:$W33,0),"") | W38: =IFERROR(RANK(W33,$O33:$W33,0),"")
A39: 표점순위 | B39: =IFERROR(RANK(B34,$B34:$C34,0),"") -> 2 | C39: =IFERROR(RANK(C34,$B34:$C34,0),"") -> 1 | D39: =IFERROR(RANK(D34,$D34:$F34,0),"") -> 3 | E39: =IFERROR(RANK(E34,$D34:$F34,0),"") -> 2 | F39: =IFERROR(RANK(F34,$D34:$F34,0),"") -> 1 | G39: =IFERROR(RANK(G34,$G34:$N34,0),"") -> 8 | H39: =IFERROR(RANK(H34,$G34:$N34,0),"") -> 7 | I39: =IFERROR(RANK(I34,$G34:$N34,0),"") -> 6 | J39: =IFERROR(RANK(J34,$G34:$N34,0),"") -> 5 | K39: =IFERROR(RANK(K34,$G34:$N34,0),"") -> 4 | L39: =IFERROR(RANK(L34,$G34:$N34,0),"") -> 3 | M39: =IFERROR(RANK(M34,$G34:$N34,0),"") -> 2 | N39: =IFERROR(RANK(N34,$G34:$N34,0),"") -> 1 | O39: =IFERROR(RANK(O34,$O34:$W34,0),"") -> 9 | P39: =IFERROR(RANK(P34,$O34:$W34,0),"") -> 8 | Q39: =IFERROR(RANK(Q34,$O34:$W34,0),"") -> 7 | R39: =IFERROR(RANK(R34,$O34:$W34,0),"") -> 6 | S39: =IFERROR(RANK(S34,$O34:$W34,0),"") -> 5 | T39: =IFERROR(RANK(T34,$O34:$W34,0),"") -> 4 | U39: =IFERROR(RANK(U34,$O34:$W34,0),"") -> 3 | V39: =IFERROR(RANK(V34,$O34:$W34,0),"") -> 2 | W39: =IFERROR(RANK(W34,$O34:$W34,0),"") -> 1
A40: 백분순위 | B40: =IFERROR(RANK(B35,$B35:$C35,0),"") -> 2 | C40: =IFERROR(RANK(C35,$B35:$C35,0),"") -> 1 | D40: =IFERROR(RANK(D35,$D35:$F35,0),"") -> 3 | E40: =IFERROR(RANK(E35,$D35:$F35,0),"") -> 2 | F40: =IFERROR(RANK(F35,$D35:$F35,0),"") -> 1 | G40: =IFERROR(RANK(G35,$G35:$N35,0),"") -> 8 | H40: =IFERROR(RANK(H35,$G35:$N35,0),"") -> 7 | I40: =IFERROR(RANK(I35,$G35:$N35,0),"") -> 6 | J40: =IFERROR(RANK(J35,$G35:$N35,0),"") -> 5 | K40: =IFERROR(RANK(K35,$G35:$N35,0),"") -> 4 | L40: =IFERROR(RANK(L35,$G35:$N35,0),"") -> 3 | M40: =IFERROR(RANK(M35,$G35:$N35,0),"") -> 2 | N40: =IFERROR(RANK(N35,$G35:$N35,0),"") -> 1 | O40: =IFERROR(RANK(O35,$O35:$W35,0),"") -> 9 | P40: =IFERROR(RANK(P35,$O35:$W35,0),"") -> 8 | Q40: =IFERROR(RANK(Q35,$O35:$W35,0),"") -> 7 | R40: =IFERROR(RANK(R35,$O35:$W35,0),"") -> 6 | S40: =IFERROR(RANK(S35,$O35:$W35,0),"") -> 5 | T40: =IFERROR(RANK(T35,$O35:$W35,0),"") -> 4 | U40: =IFERROR(RANK(U35,$O35:$W35,0),"") -> 3 | V40: =IFERROR(RANK(V35,$O35:$W35,0),"") -> 2 | W40: =IFERROR(RANK(W35,$O35:$W35,0),"") -> 1
A41: 등급순위 | B41: =IFERROR(RANK(B36,$B36:$C36,0),"") -> 2 | C41: =IFERROR(RANK(C36,$B36:$C36,0),"") -> 1 | D41: =IFERROR(RANK(D36,$D36:$F36,0),"") -> 3 | E41: =IFERROR(RANK(E36,$D36:$F36,0),"") -> 2 | F41: =IFERROR(RANK(F36,$D36:$F36,0),"") -> 1 | G41: =IFERROR(RANK(G36,$G36:$N36,0),"") -> 8 | H41: =IFERROR(RANK(H36,$G36:$N36,0),"") -> 7 | I41: =IFERROR(RANK(I36,$G36:$N36,0),"") -> 6 | J41: =IFERROR(RANK(J36,$G36:$N36,0),"") -> 5 | K41: =IFERROR(RANK(K36,$G36:$N36,0),"") -> 4 | L41: =IFERROR(RANK(L36,$G36:$N36,0),"") -> 3 | M41: =IFERROR(RANK(M36,$G36:$N36,0),"") -> 2 | N41: =IFERROR(RANK(N36,$G36:$N36,0),"") -> 1 | O41: =IFERROR(RANK(O36,$O36:$W36,0),"") -> 9 | P41: =IFERROR(RANK(P36,$O36:$W36,0),"") -> 8 | Q41: =IFERROR(RANK(Q36,$O36:$W36,0),"") -> 7 | R41: =IFERROR(RANK(R36,$O36:$W36,0),"") -> 6 | S41: =IFERROR(RANK(S36,$O36:$W36,0),"") -> 5 | T41: =IFERROR(RANK(T36,$O36:$W36,0),"") -> 4 | U41: =IFERROR(RANK(U36,$O36:$W36,0),"") -> 3 | V41: =IFERROR(RANK(V36,$O36:$W36,0),"") -> 2 | W41: =IFERROR(RANK(W36,$O36:$W36,0),"") -> 1
A43: 응시여부 | B43: =IF(OR(B8>0,AND(B22>0,B23>0)),1,0) -> 0 | C43: =IF(OR(C8>0,AND(C22>0,C23>0)),1,0) -> 0 | D43: =IF(OR(D8>0,AND(D22>0,D23>0)),1,0) -> 0 | E43: =IF(OR(E8>0,AND(E22>0,E23>0)),1,0) -> 0 | F43: =IF(OR(F8>0,AND(F22>0,F23>0)),1,0) -> 0 | G43: =IF(OR(G8>0,AND(G22>0,G23>0)),1,0) -> 0 | H43: =IF(OR(H8>0,AND(H22>0,H23>0)),1,0) -> 0 | I43: =IF(OR(I8>0,AND(I22>0,I23>0)),1,0) -> 0 | ... W43: =IF(OR(W8>0,AND(W22>0,W23>0)),1,0) -> 0 | X43: =IF(OR(B14>0,AND(B27>0,B27>0)),1,0) -> 0 | Y43: =IF(OR(C14>0,AND(C27>0,C27>0)),1,0) -> 0 | Z43: =IF(OR(D14>0,AND(D27>0,D27>0)),1,0) -> 0
B47: *'도수분포 파일'로부터 만점표점 붙여넣기(과목순서 유의) | H47: *표점/만점 대비 점수 산출용으로 사용. 표점기준 배치표일경우만 의미있음
B48: 언매 | C48: 화작 | D48: 미적 | E48: 기하 | F48: 확통 | G48: 물리Ⅰ | H48: 화학Ⅰ | I48: 생물Ⅰ | J48: 지구과학Ⅰ | K48: 물리II | L48: 화학II | M48: 생물II | N48: 지구과학II | O48: 생활과윤리 | P48: 윤리와사상 | Q48: 한국지리 | R48: 세계지리 | S48: 동아시아사 | T48: 세계사 | U48: 경제 | V48: 정치와법 | W48: 사회문화 | X48: 과탐전체 | Y48: 사탐전체 | Z48: 탐구전체
A49: 만점표점 | B49: 139 | C49: 139 | D49: 140 | E49: 137 | F49: 134 | G49: 67 | H49: 65 | I49: 70 | J49: 72 | K49: 70 | L49: 73 | M49: 72 | N49: 72 | O49: 77 | P49: 73 | Q49: 69 | R49: 68 | S49: 67 | T49: 68 | U49: 72 | V49: 66 | W49: 69 | X49: 69.823 | Y49: 71.561 | Z49: 70.789 | AA49: 25수능
G51: *'도수분포 파일'로부터 응시인원 붙여넣기(과목순서 유의) | L51: *원점배치표 표점배치표 모두 필수입력
G52: 물 | H52: 화 | I52: 생 | J52: 지 | K52: 물2 | L52: 화2 | M52: 생2 | N52: 지2 | O52: 생윤 | P52: 윤사 | Q52: 한지 | R52: 세지 | S52: 동아시아사 | T52: 세계사 | U52: 경제 | V52: 정법 | W52: 사문 | Z52: *과/사 가중최고점(원점/표점 연동)
F53: 응시인원 | G53: 58049 | H53: 44074 | I53: 129818 | J53: 142672 | K53: 5148 | L53: 5360 | M53: 6909 | N53: 4508 | O53: 157938 | P53: 39787 | Q53: 34933 | R53: 30002 | S53: 17521 | T53: 15457 | U53: 6030 | V53: 29915 | W53: 164456 | X53: 25수능 | Z53: =IF(B31=1,X49,X239) -> 69.823 | AA53: =IF(B31=1,Y49,AA239) -> 71.561
B58: =IFERROR(IF(B8="","",INDEX(B$63:B$153,MATCH(B8,$A$63:$A$153,0))),"") | C58: =IFERROR(IF(C8="","",INDEX(C$63:C$153,MATCH(C8,$A$63:$A$153,0))),"") | D58: =IFERROR(IF(D8="","",INDEX(D$63:D$153,MATCH(D8,$A$63:$A$153,0))),"") | E58: =IFERROR(IF(E8="","",INDEX(E$63:E$153,MATCH(E8,$A$63:$A$153,0))),"") | F58: =IFERROR(IF(F8="","",INDEX(F$63:F$153,MATCH(F8,$A$63:$A$153,0))),"") | G58: =IFERROR(IF(G8="","",INDEX(G$63:G$153,MATCH(G8,$AA$63:$AA$153,0))),"") | H58: =IFERROR(IF(H8="","",INDEX(H$63:H$153,MATCH(H8,$AA$63:$AA$153,0))),"") | I58: =IFERROR(IF(I8="","",INDEX(I$63:I$153,MATCH(I8,$AA$63:$AA$153,0))),"") | J58: =IFERROR(IF(J8="","",INDEX(J$63:J$153,MATCH(J8,$AA$63:$AA$153,0))),"") | K58: =IFERROR(IF(K8="","",INDEX(K$63:K$153,MATCH(K8,$AA$63:$AA$153,0))),"") | L58: =IFERROR(IF(L8="","",INDEX(L$63:L$153,MATCH(L8,$AA$63:$AA$153,0))),"") | M58: =IFERROR(IF(M8="","",INDEX(M$63:M$153,MATCH(M8,$AA$63:$AA$153,0))),"") | N58: =IFERROR(IF(N8="","",INDEX(N$63:N$153,MATCH(N8,$AA$63:$AA$153,0))),"") | ... Z58: =IFERROR(IF(Z8="","",INDEX(Z$63:Z$153,MATCH(Z8,$AA$63:$AA$153,0))),"")
B61: 원점-표점 | D61: 25 수능
B62: 0 | C62: 0 | D62: 0 | E62: 0 | F62: 0 | G62: 0 | H62: 0 | I62: 0 | J62: 0 | K62: 0 | L62: 0 | M62: 0 | N62: 0 | O62: 0 | P62: 0 | Q62: 0 | R62: 0 | S62: 0 | T62: 0 | U62: 0 | V62: 0 | W62: 0 | X62: 영어 | Y62: 한국사 | Z62: 제2외국어 | AA62: 탐구원점
A63: 100 | B63: 138 | C63: 136 | D63: 144.1 | E63: 142.1 | F63: 139.1 | G63: 68 | H63: 66 | I63: 70 | J63: 73 | K63: 73 | L63: 74 | M63: 73 | N63: 76 | O63: 77 | P63: 74.1 | Q63: 71 | R63: 70 | S63: 68.1 | T63: 71 | U63: 71.1 | V63: 68 | W63: 70 | X63: 0 | Y63: 0 | Z63: 0 | AA63: 50
A64: 99 | B64: 137 | C64: 135 | D64: 144 | E64: 142 | F64: 139 | G64: 67 | H64: 65 | I64: 69.1 | J64: 72 | K64: 72.1 | L64: 73 | M64: 72 | N64: 75 | O64: 76 | P64: 74 | Q64: 70 | R64: 69 | S64: 68 | T64: 70.1 | U64: 71 | V64: 67 | W64: 69.1 | X64: 0 | Y64: 0 | Z64: 0 | AA64: 49
A65: 98 | B65: 136 | C65: 134 | D65: 143 | E65: 141 | F65: 138 | G65: 66.1 | H65: 64.1 | I65: 69 | J65: 71 | K65: 72 | L65: 72.1 | M65: 71 | N65: 74 | O65: 75 | P65: 73 | Q65: 69 | R65: 68.1 | S65: 67 | T65: 70 | U65: 70 | V65: 66.1 | W65: 69 | X65: 0 | Y65: 0 | Z65: 0 | AA65: 48
A66: 97 | B66: 135 | C66: 133 | D66: 142 | E66: 140 | F66: 137 | G66: 66 | H66: 64 | I66: 68 | J66: 70 | K66: 71 | L66: 72 | M66: 70.1 | N66: 73 | O66: 74 | P66: 72 | Q66: 68 | R66: 68 | S66: 66 | T66: 69 | U66: 69 | V66: 66 | W66: 68 | X66: 0 | Y66: 0 | Z66: 0 | AA66: 47
A67: 96 | B67: 134.1 | C67: 132.1 | D67: 141 | E67: 139 | F67: 136 | G67: 65 | H67: 63 | I67: 67 | J67: 69.1 | K67: 70 | L67: 71 | M67: 70 | N67: 72 | O67: 73 | P67: 71 | Q67: 67.1 | R67: 67 | S67: 65.1 | T67: 68 | U67: 68.1 | V67: 65 | W67: 67 | X67: 0 | Y67: 0 | Z67: 0 | AA67: 46
A68: 95 | B68: 134 | C68: 132 | D68: 140 | E68: 138 | F68: 135 | G68: 64 | H68: 62 | I68: 66 | J68: 69 | K68: 69 | L68: 70 | M68: 69 | N68: 71.1 | O68: 72 | P68: 70 | Q68: 67 | R68: 66 | S68: 65 | T68: 67 | U68: 68 | V68: 64 | W68: 66 | X68: 0 | Y68: 0 | Z68: 0 | AA68: 45
A69: 94 | B69: 133 | C69: 131 | D69: 139.1 | E69: 137.1 | F69: 134.1 | G69: 63 | H69: 61.1 | I69: 65 | J69: 68 | K69: 68.1 | L69: 69 | M69: 68 | N69: 71 | O69: 71 | P69: 69 | Q69: 66 | R69: 65 | S69: 64 | T69: 66.1 | U69: 67 | V69: 63 | W69: 65 | X69: 0 | Y69: 0 | Z69: 0 | AA69: 44
A70: 93 | B70: 132 | C70: 130 | D70: 139 | E70: 137 | F70: 134 | G70: 62.1 | H70: 61 | I70: 64.1 | J70: 67 | K70: 68 | L70: 68 | M70: 67 | N70: 70 | O70: 70 | P70: 68.1 | Q70: 65 | R70: 64.1 | S70: 63 | T70: 66 | U70: 66 | V70: 62.1 | W70: 64 | X70: 0 | Y70: 0 | Z70: 0 | AA70: 43
A71: 92 | B71: 131 | C71: 129 | D71: 138 | E71: 136 | F71: 133 | G71: 62 | H71: 60 | I71: 64 | J71: 66 | K71: 67 | L71: 67.1 | M71: 66 | N71: 69 | O71: 69 | P71: 68 | Q71: 64.1 | R71: 64 | S71: 62.1 | T71: 65 | U71: 65.1 | V71: 62 | W71: 63.1 | X71: 0 | Y71: 0 | Z71: 0 | AA71: 42
A72: 91 | B72: 130 | C72: 128 | D72: 137 | E72: 135 | F72: 132 | G72: 61 | H72: 59.1 | I72: 63 | J72: 65 | K72: 66 | L72: 67 | M72: 65 | N72: 68 | O72: 68 | P72: 67 | Q72: 64 | R72: 63 | S72: 62 | T72: 64 | U72: 65 | V72: 61 | W72: 63 | X72: 0 | Y72: 0 | Z72: 0 | AA72: 41
A73: 90 | B73: 129.1 | C73: 127.1 | D73: 136 | E73: 134 | F73: 131 | G73: 60 | H73: 59 | I73: 62 | J73: 64 | K73: 65 | L73: 66 | M73: 64.1 | N73: 67 | O73: 67 | P73: 66 | Q73: 63 | R73: 62 | S73: 61 | T73: 63 | U73: 64 | V73: 60 | W73: 62 | X73: 0 | Y73: 0 | Z73: 0 | AA73: 40
A74: 89 | B74: 129 | C74: 127 | D74: 135 | E74: 133 | F74: 130 | G74: 59 | H74: 58 | I74: 61 | J74: 63 | K74: 64.1 | L74: 65 | M74: 64 | N74: 66.1 | O74: 66 | P74: 65 | Q74: 62 | R74: 61 | S74: 60 | T74: 62.1 | U74: 63 | V74: 59.1 | W74: 61 | X74: 0 | Y74: 0 | Z74: 0 | AA74: 39
... A112: 51 | B112: 97 | C112: 95 | D112: 104 | E112: 102 | F112: 99.1 | G112: 29 | H112: 31 | I112: 29 | J112: 30 | K112: 34 | L112: 33 | M112: 31 | N112: 34.1 | O112: 28 | P112: 32 | Q112: 32 | R112: 31.1 | S112: 31.1 | T112: 32 | U112: 34 | V112: 30 | W112: 29 | X112: 0 | Y112: 0 | Z112: 0 | AA112: 1
A113: 50 | B113: 96 | C113: 94 | D113: 103.1 | E113: 101.1 | F113: 99 | G113: 28 | H113: 30 | I113: 28 | J113: 29 | K113: 33 | L113: 32 | M113: 30 | N113: 34 | O113: 27 | P113: 31 | Q113: 31 | R113: 31 | S113: 31 | T113: 31 | U113: 33 | V113: 29 | W113: 28 | X113: 0 | Y113: 0 | Z113: 0
A114: 49 | B114: 95 | C114: 93 | D114: 103 | E114: 101 | F114: 98 | G114: 0 | H114: 0 | I114: 0 | J114: 0 | K114: 0 | L114: 0 | M114: 0 | N114: 0 | O114: 0 | P114: 0 | Q114: 0 | R114: 0 | S114: 0 | T114: 0 | U114: 0 | V114: 0 | W114: 0 | X114: 0 | Y114: 0 | Z114: 0
A115: 48 | B115: 94 | C115: 92 | D115: 102 | E115: 100 | F115: 97 | G115: 0 | H115: 0 | I115: 0 | J115: 0 | K115: 0 | L115: 0 | M115: 0 | N115: 0 | O115: 0 | P115: 0 | Q115: 0 | R115: 0 | S115: 0 | T115: 0 | U115: 0 | V115: 0 | W115: 0 | X115: 0 | Y115: 0 | Z115: 0
A116: 47 | B116: 93 | C116: 91 | D116: 101 | E116: 99 | F116: 96 | G116: 0 | H116: 0 | I116: 0 | J116: 0 | K116: 0 | L116: 0 | M116: 0 | N116: 0 | O116: 0 | P116: 0 | Q116: 0 | R116: 0 | S116: 0 | T116: 0 | U116: 0 | V116: 0 | W116: 0 | X116: 0 | Y116: 0 | Z116: 0
A117: 46 | B117: 92 | C117: 90 | D117: 100 | E117: 98 | F117: 95 | G117: 0 | H117: 0 | I117: 0 | J117: 0 | K117: 0 | L117: 0 | M117: 0 | N117: 0 | O117: 0 | P117: 0 | Q117: 0 | R117: 0 | S117: 0 | T117: 0 | U117: 0 | V117: 0 | W117: 0 | X117: 0 | Y117: 0 | Z117: 0
A118: 45 | B118: 91 | C118: 89 | D118: 99 | E118: 97 | F118: 94 | G118: 0 | H118: 0 | I118: 0 | J118: 0 | K118: 0 | L118: 0 | M118: 0 | N118: 0 | O118: 0 | P118: 0 | Q118: 0 | R118: 0 | S118: 0 | T118: 0 | U118: 0 | V118: 0 | W118: 0 | X118: 0 | Y118: 0 | Z118: 0
A119: 44 | B119: 90 | C119: 88 | D119: 98 | E119: 96 | F119: 93 | G119: 0 | H119: 0 | I119: 0 | J119: 0 | K119: 0 | L119: 0 | M119: 0 | N119: 0 | O119: 0 | P119: 0 | Q119: 0 | R119: 0 | S119: 0 | T119: 0 | U119: 0 | V119: 0 | W119: 0 | X119: 0 | Y119: 0 | Z119: 0
A120: 43 | B120: 89 | C120: 87 | D120: 97 | E120: 95 | F120: 92 | G120: 0 | H120: 0 | I120: 0 | J120: 0 | K120: 0 | L120: 0 | M120: 0 | N120: 0 | O120: 0 | P120: 0 | Q120: 0 | R120: 0 | S120: 0 | T120: 0 | U120: 0 | V120: 0 | W120: 0 | X120: 0 | Y120: 0 | Z120: 0
A121: 42 | B121: 88 | C121: 86 | D121: 96 | E121: 94 | F121: 91 | G121: 0 | H121: 0 | I121: 0 | J121: 0 | K121: 0 | L121: 0 | M121: 0 | N121: 0 | O121: 0 | P121: 0 | Q121: 0 | R121: 0 | S121: 0 | T121: 0 | U121: 0 | V121: 0 | W121: 0 | X121: 0 | Y121: 0 | Z121: 0
A122: 41 | B122: 87 | C122: 85 | D122: 95 | E122: 93 | F122: 90 | G122: 0 | H122: 0 | I122: 0 | J122: 0 | K122: 0 | L122: 0 | M122: 0 | N122: 0 | O122: 0 | P122: 0 | Q122: 0 | R122: 0 | S122: 0 | T122: 0 | U122: 0 | V122: 0 | W122: 0 | X122: 0 | Y122: 0 | Z122: 0
A123: 40 | B123: 86 | C123: 84 | D123: 94 | E123: 92 | F123: 89 | G123: 0 | H123: 0 | I123: 0 | J123: 0 | K123: 0 | L123: 0 | M123: 0 | N123: 0 | O123: 0 | P123: 0 | Q123: 0 | R123: 0 | S123: 0 | T123: 0 | U123: 0 | V123: 0 | W123: 0 | X123: 0 | Y123: 0 | Z123: 0
A124: 39 | B124: 85 | C124: 83 | D124: 93 | E124: 91 | F124: 88.1 | G124: 0 | H124: 0 | I124: 0 | J124: 0 | K124: 0 | L124: 0 | M124: 0 | N124: 0 | O124: 0 | P124: 0 | Q124: 0 | R124: 0 | S124: 0 | T124: 0 | U124: 0 | V124: 0 | W124: 0 | X124: 0 | Y124: 0 | Z124: 0
... A153: 10 | B153: 58 | C153: 56 | D153: 66 | E153: 64 | F153: 61 | G153: 0 | H153: 0 | I153: 0 | J153: 0 | K153: 0 | L153: 0 | M153: 0 | N153: 0 | O153: 0 | P153: 0 | Q153: 0 | R153: 0 | S153: 0 | T153: 0 | U153: 0 | V153: 0 | W153: 0 | X153: 0 | Y153: 0 | Z153: 0
E161: 동일표점의 백분위 표시방법 선택 | H161: Match
B162: 원점-표점-백분 | E162: 원점따라 차등 표시 | H162: -1 | I162: RIGHT | AA162: 탐구원점
A163: 100 | B163: 138 | C163: 136 | D163: 144.1 | E163: 142.1 | H163: 66 | J163: 73 | L163: 74 | M163: 73 | O163: 77 | P163: 74.1 | V163: 68 | W163: 70 | AA163: 50
A164: 99 | B164: 135 | C164: 134 | D164: 142 | E164: 142 | I164: 70 | J164: 69.1 | K164: 73 | L164: 73 | M164: 72 | O164: 73 | P164: 74 | Q164: 71 | T164: 71 | U164: 71.1 | V164: 67 | W164: 69.1 | AA164: 49
A165: 98 | B165: 134 | C165: 132.1 | D165: 138 | E165: 138 | F165: 139.1 | G165: 68 | I165: 69.1 | J165: 68 | K165: 72 | L165: 72 | M165: 70.1 | N165: 76 | O165: 71 | P165: 72 | R165: 70 | S165: 68.1 | U165: 71 | W165: 68 | AA165: 48
A166: 97 | B166: 133 | D166: 134.1 | E166: 137 | F166: 136 | I166: 68 | J166: 67 | K166: 71 | L166: 70 | M166: 70 | O166: 69 | P166: 70 | Q166: 70 | T166: 70.1 | U166: 69 | V166: 66.1 | W166: 67 | AA166: 47
A167: 96 | B167: 132 | C167: 132 | D167: 134 | E167: 134 | F167: 134.1 | G167: 67 | H167: 65 | I167: 66 | J167: 66 | K167: 70 | L167: 69 | M167: 68 | N167: 75 | O167: 68 | P167: 68.1 | Q167: 69 | R167: 69 | S167: 68 | T167: 70 | U167: 68.1 | V167: 66 | W167: 66 | AA167: 46
A168: 95 | B168: 131 | C168: 131 | D168: 133 | E168: 132.1 | F168: 132 | G168: 65 | I168: 65 | J168: 65 | K168: 69 | L168: 68 | M168: 67 | N168: 70 | O168: 67 | P168: 68 | Q168: 67 | R168: 67 | S168: 65.1 | T168: 68 | U168: 68 | W168: 65 | AA168: 45
A169: 94 | B169: 129.1 | C169: 129 | D169: 131 | E169: 131 | F169: 131 | K169: 68.1 | L169: 67.1 | N169: 69 | O169: 66 | P169: 67 | R169: 66 | T169: 67 | U169: 67 | V169: 65 | AA169: 44
A170: 93 | B170: 129 | C170: 128 | D170: 130 | E170: 130 | F170: 129.1 | G170: 64 | I170: 64.1 | J170: 64 | L170: 67 | M170: 66 | N170: 68 | O170: 65 | P170: 66 | Q170: 66 | T170: 66.1 | W170: 64 | AA170: 43
A171: 92 | B171: 128 | C171: 127.1 | D171: 129 | E171: 129 | F171: 129 | K171: 68 | M171: 65 | N171: 67 | Q171: 65 | R171: 65 | S171: 65 | U171: 66 | W171: 63.1 | AA171: 42
A172: 91 | B172: 127 | C172: 127 | D172: 128 | E172: 128.1 | F172: 128 | G172: 63 | H172: 64.1 | I172: 64 | L172: 66 | M172: 64.1 | N172: 66.1 | O172: 64 | P172: 65 | T172: 66 | V172: 64 | AA172: 41
A173: 90 | B173: 126 | C173: 126 | D173: 127 | E173: 127 | F173: 127 | J173: 63 | K173: 67 | L173: 65 | N173: 66 | Q173: 64.1 | R173: 64.1 | S173: 64 | U173: 65.1 | W173: 63 | AA173: 40
A174: 89 | C174: 125 | G174: 62.1 | H174: 64 | I174: 63 | K174: 66 | M174: 64 | N174: 65 | O174: 63 | P174: 64 | R174: 64 | T174: 65 | V174: 63 | AA174: 39
A175: 88 | B175: 125 | C175: 124 | D175: 126 | E175: 126 | F175: 126 | J175: 62 | L175: 64 | O175: 62 | P175: 63 | Q175: 64 | S175: 63 | T175: 64 | U175: 65 | AA175: 38
A176: 87 | B176: 124.1 | C176: 123 | D176: 125 | E176: 125 | F176: 125 | K176: 65 | L176: 63 | M176: 63 | N176: 64 | R176: 63 | U176: 64 | W176: 62 | AA176: 37
A177: 86 | B177: 124 | D177: 124 | E177: 124.1 | F177: 124 | G177: 62 | H177: 63 | K177: 64.1 | N177: 63 | O177: 61 | Q177: 63 | S177: 62.1 | T177: 63 | U177: 63 | V177: 62.1 | AA177: 36
A178: 85 | C178: 122.1 | D178: 123 | E178: 124 | F178: 123 | I178: 62 | J178: 61.1 | K178: 64 | L178: 62.1 | M178: 62 | N178: 62 | P178: 62 | R178: 62 | U178: 62 | W178: 61 | AA178: 35
A179: 84 | B179: 123 | C179: 122 | E179: 123 | F179: 122 | H179: 62 | K179: 63 | O179: 60 | Q179: 62 | S179: 62 | T179: 62.1 | V179: 62 | AA179: 34
A180: 83 | B180: 122 | C180: 121 | D180: 122 | E180: 122 | F180: 121.1 | G180: 61 | K180: 62 | L180: 62 | M180: 61 | N180: 61.1 | P180: 61.1 | U180: 61.1 | W180: 60 | AA180: 33
A181: 82 | D181: 121.1 | I181: 61 | J181: 61 | K181: 61 | N181: 61 | R181: 61 | T181: 62 | AA181: 32
A182: 81 | B182: 121 | C182: 120 | E182: 121 | F182: 121 | H182: 61.1 | L182: 61 | O182: 59 | Q182: 61 | S182: 61 | U182: 61 | V182: 61 | AA182: 31
A183: 80 | D183: 121 | E183: 120 | F183: 120 | G183: 60 | K183: 60.1 | M183: 60 | N183: 60 | P183: 61 | R183: 60.1 | T183: 61 | U183: 60 | W183: 59 | AA183: 30
A184: 79 | B184: 120 | C184: 119 | F184: 119 | K184: 60 | L184: 60 | N184: 59 | Q184: 60.1 | S184: 60 | AA184: 29
A185: 78 | B185: 119.1 | C185: 118 | D185: 120 | E185: 119.1 | H185: 61 | I185: 60 | J185: 60 | O185: 58 | P185: 60 | R185: 60 | T185: 60 | U185: 59 | V185: 60 | AA185: 28
...

Sheet        가 군       
B1: 가 | C1: 나 | D1: 다 | E1: 가나다 | I1: 환산점수 배치표 (가 군) 2026학년도 수능 실채점기준
B2: 1 | C2: 2 | D2: 3 | E2: 4 | R2: 제작 및 검토 <베텔기우스> Betelgeuse058.tistory.com
B3: 군 입력
B4: 1 | C4: =IF($B$4=1,CONCATENATE($B$1,AE4),IF($B$4=2,CONCATENATE($C$1,AE4),IF($B$4=3,CONCATENATE($D$1,AE4),IF($B$4=4,CONCATENATE($E$1,AE4))))) -> 가
C5: =IFERROR(INDEX('배치점수 계산기'!A9:C9,MATCH(C4,'배치점수 계산기'!A7:C7,0)),) -> 0 | R5: 판정 기준점수
M6: 감점 상세 | P6: 나의 점수 | R6: 안정 | S6: 적정 | T6: 예상컷 | U6: 도전 | W6: 반영 방법 | Y6: 실질 반영비
E7: 공식 연번 | H7: 모집군 | I7: 대학 | J7: 학과 | K7: 계열 | L7: 지원가능 | M7: 영어감점 | N7: 영어감점 비율 | O7: 한국사/외국어 | P7: 합격확률 추정 | Q7: 환산점수 | R7: 0.9 | S7: 0.7 | T7: 0.4 | U7: 0.1 | V7: 0.03 | W7: 국 수 | X7: 탐구 | Y7: 국 | Z7: 수 | AA7: 탐 | AD7: 서식기준
C8: =_xlfn.CONCAT($C$4,G8) -> 가1 | D8: =MATCH($C8,'배치점수 계산기'!$O$11:$O$3001,0) -> 1 | E8: =OFFSET('배치점수 계산기'!A$10,D8,0) -> 5 | F8: =MATCH(E8,환산공식!$C$16:$C$903,0) -> 5 | G8: 1 | H8: =IFERROR(INDEX('배치점수 계산기'!C$11:C$3001,MATCH($C8,'배치점수 계산기'!$O$11:$O$3001,0)),"") -> 가 | I8: =IFERROR(INDEX('배치점수 계산기'!D$11:D$3001,MATCH($C8,'배치점수 계산기'!$O$11:$O$3001,0)),"") -> 연세대 | J8: =IFERROR(INDEX('배치점수 계산기'!E$11:E$3001,MATCH($C8,'배치점수 계산기'!$O$11:$O$3001,0)),"") -> 시스템반도체공학과 | K8: =IFERROR(INDEX('배치점수 계산기'!F$11:F$3001,MATCH($C8,'배치점수 계산기'!$O$11:$O$3001,0)),"") -> 자연 | L8: =IF(OFFSET(환산공식!$ED$15,$F8,0)=1,"O","X") -> X | M8: =IFERROR(OFFSET(환산공식!DJ$15,$F8,0),"") -> 105.6 | N8: =IFERROR(CONCATENATE(ROUND(OFFSET(환산공식!DK$15,$F8,0),1),"%"),"") -> 100% | O8: =IFERROR(OFFSET(환산공식!DL$15,$F8,0),"") -> 0 | P8: =IF(E8="","",IF(Q8>R8,"90% 이상",IF(Q8>S8,CONCATENATE(ROUND(((Q8-S8)/(R8-S8))*20+70,0),"%"),IF(Q8>T8,CONCATENATE(ROUND(((Q8-T8)/(S8-T8))*30+40,0),"%"),IF(Q8>U8,CONCATENATE(ROUND(((Q8-U8)/(T8-U8))*30+10,0),"%"),IF(Q8>V8,CONCATENATE(ROUND(((Q8-V8)/(U8-V8))*7+3,0),"%"),"3% 이하")))))) -> 3% 이하 | Q8: =IFERROR(ROUND(OFFSET(환산공식!$FG$15,$F8,0),3),"") -> 0 | R8: =OFFSET('배치점수 계산기'!H$10,$D8,0) -> 670.259 | S8: =OFFSET('배치점수 계산기'!I$10,$D8,0) -> 669.463 | T8: =OFFSET('배치점수 계산기'!J$10,$D8,0) -> 668.39 | U8: =OFFSET('배치점수 계산기'!K$10,$D8,0) -> 663.419 | V8: =OFFSET('배치점수 계산기'!L$10,$D8,0) -> 657.803 | W8: =OFFSET('배치점수 계산기'!M$10,$D8,0) -> 표점 | X8: =OFFSET('배치점수 계산기'!N$10,$D8,0) -> 변표 | Y8: =OFFSET(환산공식!FW$15,$F8,0) -> 0.25 | Z8: =OFFSET(환산공식!FX$15,$F8,0) -> 0.38 | AA8: =OFFSET(환산공식!FY$15,$F8,0) -> 0.38 | AD8: =IF(L8="X",6,IF(Q8>R8,1,IF(Q8>S8,2,IF(Q8>T8,3,IF(Q8>U8,4,IF(Q8>=V8,5,IF(Q8<V8,6,""))))))) -> 6
C9: 가2 | D9: 2 | E9: 5 | F9: 5 | G9: 2 | H9: 가 | I9: 연세대 | J9: 전기전자공학부 | K9: 자연 | L9: =IF(OFFSET(환산공식!$ED$15,$F9,0)=1,"O","X") -> X | M9: =IFERROR(OFFSET(환산공식!DJ$15,$F9,0),"") -> 105.6 | N9: =IFERROR(CONCATENATE(ROUND(OFFSET(환산공식!DK$15,$F9,0),1),"%"),"") -> 100% | O9: =IFERROR(OFFSET(환산공식!DL$15,$F9,0),"") -> 0 | P9: =IF(E9="","",IF(Q9>R9,"90% 이상",IF(Q9>S9,CONCATENATE(ROUND(((Q9-S9)/(R9-S9))*20+70,0),"%"),IF(Q9>T9,CONCATENATE(ROUND(((Q9-T9)/(S9-T9))*30+40,0),"%"),IF(Q9>U9,CONCATENATE(ROUND(((Q9-U9)/(T9-U9))*30+10,0),"%"),IF(Q9>V9,CONCATENATE(ROUND(((Q9-V9)/(U9-V9))*7+3,0),"%"),"3% 이하")))))) -> 3% 이하 | Q9: =IFERROR(ROUND(OFFSET(환산공식!$FG$15,$F9,0),3),"") -> 0 | R9: =OFFSET('배치점수 계산기'!H$10,$D9,0) -> 665.026 | S9: =OFFSET('배치점수 계산기'!I$10,$D9,0) -> 664.514 | T9: =OFFSET('배치점수 계산기'!J$10,$D9,0) -> 662.35 | U9: =OFFSET('배치점수 계산기'!K$10,$D9,0) -> 661.072 | V9: =OFFSET('배치점수 계산기'!L$10,$D9,0) -> 656.12 | W9: =OFFSET('배치점수 계산기'!M$10,$D9,0) -> 표점 | X9: =OFFSET('배치점수 계산기'!N$10,$D9,0) -> 변표 | Y9: =OFFSET(환산공식!FW$15,$F9,0) -> 0.25 | Z9: =OFFSET(환산공식!FX$15,$F9,0) -> 0.38 | AA9: =OFFSET(환산공식!FY$15,$F9,0) -> 0.38 | AD9: =IF(L9="X",6,IF(Q9>R9,1,IF(Q9>S9,2,IF(Q9>T9,3,IF(Q9>U9,4,IF(Q9>=V9,5,IF(Q9<V9,6,""))))))) -> 6
C10: 가3 | D10: 3 | E10: 5 | F10: 5 | G10: 3 | H10: 가 | I10: 연세대 | J10: 첨단컴퓨팅학부 | K10: 자연 | L10: =IF(OFFSET(환산공식!$ED$15,$F10,0)=1,"O","X") -> X | M10: =IFERROR(OFFSET(환산공식!DJ$15,$F10,0),"") -> 105.6 | N10: =IFERROR(CONCATENATE(ROUND(OFFSET(환산공식!DK$15,$F10,0),1),"%"),"") -> 100% | O10: =IFERROR(OFFSET(환산공식!DL$15,$F10,0),"") -> 0 | P10: =IF(E10="","",IF(Q10>R10,"90% 이상",IF(Q10>S10,CONCATENATE(ROUND(((Q10-S10)/(R10-S10))*20+70,0),"%"),IF(Q10>T10,CONCATENATE(ROUND(((Q10-T10)/(S10-T10))*30+40,0),"%"),IF(Q10>U10,CONCATENATE(ROUND(((Q10-U10)/(T10-U10))*30+10,0),"%"),IF(Q10>V10,CONCATENATE(ROUND(((Q10-V10)/(U10-V10))*7+3,0),"%"),"3% 이하")))))) -> 3% 이하 | Q10: =IFERROR(ROUND(OFFSET(환산공식!$FG$15,$F10,0),3),"") -> 0 | R10: =OFFSET('배치점수 계산기'!H$10,$D10,0) -> 666.6 | S10: =OFFSET('배치점수 계산기'!I$10,$D10,0) -> 665.026 | T10: =OFFSET('배치점수 계산기'!J$10,$D10,0) -> 661.688 | U10: =OFFSET('배치점수 계산기'!K$10,$D10,0) -> 657.592 | V10: =OFFSET('배치점수 계산기'!L$10,$D10,0) -> 654.384 | W10: =OFFSET('배치점수 계산기'!M$10,$D10,0) -> 표점 | X10: =OFFSET('배치점수 계산기'!N$10,$D10,0) -> 변표 | Y10: =OFFSET(환산공식!FW$15,$F10,0) -> 0.25 | Z10: =OFFSET(환산공식!FX$15,$F10,0) -> 0.38 | AA10: =OFFSET(환산공식!FY$15,$F10,0) -> 0.38 | AD10: =IF(L10="X",6,IF(Q10>R10,1,IF(Q10>S10,2,IF(Q10>T10,3,IF(Q10>U10,4,IF(Q10>=V10,5,IF(Q10<V10,6,""))))))) -> 6
C11: 가4 | D11: 4 | E11: 5 | F11: 5 | G11: 4 | H11: 가 | I11: 연세대 | J11: 기계공학부 | K11: 자연 | L11: =IF(OFFSET(환산공식!$ED$15,$F11,0)=1,"O","X") -> X | M11: =IFERROR(OFFSET(환산공식!DJ$15,$F11,0),"") -> 105.6 | N11: =IFERROR(CONCATENATE(ROUND(OFFSET(환산공식!DK$15,$F11,0),1),"%"),"") -> 100% | O11: =IFERROR(OFFSET(환산공식!DL$15,$F11,0),"") -> 0 | P11: =IF(E11="","",IF(Q11>R11,"90% 이상",IF(Q11>S11,CONCATENATE(ROUND(((Q11-S11)/(R11-S11))*20+70,0),"%"),IF(Q11>T11,CONCATENATE(ROUND(((Q11-T11)/(S11-T11))*30+40,0),"%"),IF(Q11>U11,CONCATENATE(ROUND(((Q11-U11)/(T11-U11))*30+10,0),"%"),IF(Q11>V11,CONCATENATE(ROUND(((Q11-V11)/(U11-V11))*7+3,0),"%"),"3% 이하")))))) -> 3% 이하 | Q11: =IFERROR(ROUND(OFFSET(환산공식!$FG$15,$F11,0),3),"") -> 0 | R11: =OFFSET('배치점수 계산기'!H$10,$D11,0) -> 663.82 | S11: =OFFSET('배치점수 계산기'!I$10,$D11,0) -> 663.169 | T11: =OFFSET('배치점수 계산기'!J$10,$D11,0) -> 661.688 | U11: =OFFSET('배치점수 계산기'!K$10,$D11,0) -> 660.147 | V11: =OFFSET('배치점수 계산기'!L$10,$D11,0) -> 657.027 | W11: =OFFSET('배치점수 계산기'!M$10,$D11,0) -> 표점 | X11: =OFFSET('배치점수 계산기'!N$10,$D11,0) -> 변표 | Y11: =OFFSET(환산공식!FW$15,$F11,0) -> 0.25 | Z11: =OFFSET(환산공식!FX$15,$F11,0) -> 0.38 | AA11: =OFFSET(환산공식!FY$15,$F11,0) -> 0.38 | AD11: =IF(L11="X",6,IF(Q11>R11,1,IF(Q11>S11,2,IF(Q11>T11,3,IF(Q11>U11,4,IF(Q11>=V11,5,IF(Q11<V11,6,""))))))) -> 6
C12: 가5 | D12: 5 | E12: 5 | F12: 5 | G12: 5 | H12: 가 | I12: 연세대 | J12: 신소재공학부 | K12: 자연 | L12: =IF(OFFSET(환산공식!$ED$15,$F12,0)=1,"O","X") -> X | M12: =IFERROR(OFFSET(환산공식!DJ$15,$F12,0),"") -> 105.6 | N12: =IFERROR(CONCATENATE(ROUND(OFFSET(환산공식!DK$15,$F12,0),1),"%"),"") -> 100% | O12: =IFERROR(OFFSET(환산공식!DL$15,$F12,0),"") -> 0 | P12: =IF(E12="","",IF(Q12>R12,"90% 이상",IF(Q12>S12,CONCATENATE(ROUND(((Q12-S12)/(R12-S12))*20+70,0),"%"),IF(Q12>T12,CONCATENATE(ROUND(((Q12-T12)/(S12-T12))*30+40,0),"%"),IF(Q12>U12,CONCATENATE(ROUND(((Q12-U12)/(T12-U12))*30+10,0),"%"),IF(Q12>V12,CONCATENATE(ROUND(((Q12-V12)/(U12-V12))*7+3,0),"%"),"3% 이하")))))) -> 3% 이하 | Q12: =IFERROR(ROUND(OFFSET(환산공식!$FG$15,$F12,0),3),"") -> 0 | R12: =OFFSET('배치점수 계산기'!H$10,$D12,0) -> 663.419 | S12: =OFFSET('배치점수 계산기'!I$10,$D12,0) -> 663.169 | T12: =OFFSET('배치점수 계산기'!J$10,$D12,0) -> 661.688 | U12: =OFFSET('배치점수 계산기'!K$10,$D12,0) -> 660.147 | V12: =OFFSET('배치점수 계산기'!L$10,$D12,0) -> 656.62 | W12: =OFFSET('배치점수 계산기'!M$10,$D12,0) -> 표점 | X12: =OFFSET('배치점수 계산기'!N$10,$D12,0) -> 변표 | Y12: =OFFSET(환산공식!FW$15,$F12,0) -> 0.25 | Z12: =OFFSET(환산공식!FX$15,$F12,0) -> 0.38 | AA12: =OFFSET(환산공식!FY$15,$F12,0) -> 0.38 | AD12: =IF(L12="X",6,IF(Q12>R12,1,IF(Q12>S12,2,IF(Q12>T12,3,IF(Q12>U12,4,IF(Q12>=V12,5,IF(Q12<V12,6,""))))))) -> 6
C13: 가6 | D13: 6 | E13: 5 | F13: 5 | G13: 6 | H13: 가 | I13: 연세대 | J13: 생명공학과 | K13: 자연 | L13: =IF(OFFSET(환산공식!$ED$15,$F13,0)=1,"O","X") -> X | M13: =IFERROR(OFFSET(환산공식!DJ$15,$F13,0),"") -> 105.6 | N13: =IFERROR(CONCATENATE(ROUND(OFFSET(환산공식!DK$15,$F13,0),1),"%"),"") -> 100% | O13: =IFERROR(OFFSET(환산공식!DL$15,$F13,0),"") -> 0 | P13: =IF(E13="","",IF(Q13>R13,"90% 이상",IF(Q13>S13,CONCATENATE(ROUND(((Q13-S13)/(R13-S13))*20+70,0),"%"),IF(Q13>T13,CONCATENATE(ROUND(((Q13-T13)/(S13-T13))*30+40,0),"%"),IF(Q13>U13,CONCATENATE(ROUND(((Q13-U13)/(T13-U13))*30+10,0),"%"),IF(Q13>V13,CONCATENATE(ROUND(((Q13-V13)/(U13-V13))*7+3,0),"%"),"3% 이하")))))) -> 3% 이하 | Q13: =IFERROR(ROUND(OFFSET(환산공식!$FG$15,$F13,0),3),"") -> 0 | R13: =OFFSET('배치점수 계산기'!H$10,$D13,0) -> 663.82 | S13: =OFFSET('배치점수 계산기'!I$10,$D13,0) -> 663.169 | T13: =OFFSET('배치점수 계산기'!J$10,$D13,0) -> 661.688 | U13: =OFFSET('배치점수 계산기'!K$10,$D13,0) -> 656.726 | V13: =OFFSET('배치점수 계산기'!L$10,$D13,0) -> 653.339 | W13: =OFFSET('배치점수 계산기'!M$10,$D13,0) -> 표점 | X13: =OFFSET('배치점수 계산기'!N$10,$D13,0) -> 변표 | Y13: =OFFSET(환산공식!FW$15,$F13,0) -> 0.25 | Z13: =OFFSET(환산공식!FX$15,$F13,0) -> 0.38 | AA13: =OFFSET(환산공식!FY$15,$F13,0) -> 0.38 | AD13: =IF(L13="X",6,IF(Q13>R13,1,IF(Q13>S13,2,IF(Q13>T13,3,IF(Q13>U13,4,IF(Q13>=V13,5,IF(Q13<V13,6,""))))))) -> 6
C14: 가7 | D14: 7 | E14: 5 | F14: 5 | G14: 7 | H14: 가 | I14: 연세대 | J14: 산업공학과 | K14: 자연 | L14: =IF(OFFSET(환산공식!$ED$15,$F14,0)=1,"O","X") -> X | M14: =IFERROR(OFFSET(환산공식!DJ$15,$F14,0),"") -> 105.6 | N14: =IFERROR(CONCATENATE(ROUND(OFFSET(환산공식!DK$15,$F14,0),1),"%"),"") -> 100% | O14: =IFERROR(OFFSET(환산공식!DL$15,$F14,0),"") -> 0 | P14: =IF(E14="","",IF(Q14>R14,"90% 이상",IF(Q14>S14,CONCATENATE(ROUND(((Q14-S14)/(R14-S14))*20+70,0),"%"),IF(Q14>T14,CONCATENATE(ROUND(((Q14-T14)/(S14-T14))*30+40,0),"%"),IF(Q14>U14,CONCATENATE(ROUND(((Q14-U14)/(T14-U14))*30+10,0),"%"),IF(Q14>V14,CONCATENATE(ROUND(((Q14-V14)/(U14-V14))*7+3,0),"%"),"3% 이하")))))) -> 3% 이하 | Q14: =IFERROR(ROUND(OFFSET(환산공식!$FG$15,$F14,0),3),"") -> 0 | R14: =OFFSET('배치점수 계산기'!H$10,$D14,0) -> 664.392 | S14: =OFFSET('배치점수 계산기'!I$10,$D14,0) -> 663.169 | T14: =OFFSET('배치점수 계산기'!J$10,$D14,0) -> 661.494 | U14: =OFFSET('배치점수 계산기'!K$10,$D14,0) -> 657.291 | V14: =OFFSET('배치점수 계산기'!L$10,$D14,0) -> 654.49 | W14: =OFFSET('배치점수 계산기'!M$10,$D14,0) -> 표점 | X14: =OFFSET('배치점수 계산기'!N$10,$D14,0) -> 변표 | Y14: =OFFSET(환산공식!FW$15,$F14,0) -> 0.25 | Z14: =OFFSET(환산공식!FX$15,$F14,0) -> 0.38 | AA14: =OFFSET(환산공식!FY$15,$F14,0) -> 0.38 | AD14: =IF(L14="X",6,IF(Q14>R14,1,IF(Q14>S14,2,IF(Q14>T14,3,IF(Q14>U14,4,IF(Q14>=V14,5,IF(Q14<V14,6,""))))))) -> 6
C15: 가8 | D15: 8 | E15: 5 | F15: 5 | G15: 8 | H15: 가 | I15: 연세대 | J15: 화공생명공학부 | K15: 자연 | L15: =IF(OFFSET(환산공식!$ED$15,$F15,0)=1,"O","X") -> X | M15: =IFERROR(OFFSET(환산공식!DJ$15,$F15,0),"") -> 105.6 | N15: =IFERROR(CONCATENATE(ROUND(OFFSET(환산공식!DK$15,$F15,0),1),"%"),"") -> 100% | O15: =IFERROR(OFFSET(환산공식!DL$15,$F15,0),"") -> 0 | P15: =IF(E15="","",IF(Q15>R15,"90% 이상",IF(Q15>S15,CONCATENATE(ROUND(((Q15-S15)/(R15-S15))*20+70,0),"%"),IF(Q15>T15,CONCATENATE(ROUND(((Q15-T15)/(S15-T15))*30+40,0),"%"),IF(Q15>U15,CONCATENATE(ROUND(((Q15-U15)/(T15-U15))*30+10,0),"%"),IF(Q15>V15,CONCATENATE(ROUND(((Q15-V15)/(U15-V15))*7+3,0),"%"),"3% 이하")))))) -> 3% 이하 | Q15: =IFERROR(ROUND(OFFSET(환산공식!$FG$15,$F15,0),3),"") -> 0 | R15: =OFFSET('배치점수 계산기'!H$10,$D15,0) -> 663.169 | S15: =OFFSET('배치점수 계산기'!I$10,$D15,0) -> 662.536 | T15: =OFFSET('배치점수 계산기'!J$10,$D15,0) -> 661.072 | U15: =OFFSET('배치점수 계산기'!K$10,$D15,0) -> 656.726 | V15: =OFFSET('배치점수 계산기'!L$10,$D15,0) -> 652.759 | W15: =OFFSET('배치점수 계산기'!M$10,$D15,0) -> 표점 | X15: =OFFSET('배치점수 계산기'!N$10,$D15,0) -> 변표 | Y15: =OFFSET(환산공식!FW$15,$F15,0) -> 0.25 | Z15: =OFFSET(환산공식!FX$15,$F15,0) -> 0.38 | AA15: =OFFSET(환산공식!FY$15,$F15,0) -> 0.38 | AD15: =IF(L15="X",6,IF(Q15>R15,1,IF(Q15>S15,2,IF(Q15>T15,3,IF(Q15>U15,4,IF(Q15>=V15,5,IF(Q15<V15,6,""))))))) -> 6
C16: 가9 | D16: 9 | E16: 5 | F16: 5 | G16: 9 | H16: 가 | I16: 연세대 | J16: 생화학과 | K16: 자연 | L16: =IF(OFFSET(환산공식!$ED$15,$F16,0)=1,"O","X") -> X | M16: =IFERROR(OFFSET(환산공식!DJ$15,$F16,0),"") -> 105.6 | N16: =IFERROR(CONCATENATE(ROUND(OFFSET(환산공식!DK$15,$F16,0),1),"%"),"") -> 100% | O16: =IFERROR(OFFSET(환산공식!DL$15,$F16,0),"") -> 0 | P16: =IF(E16="","",IF(Q16>R16,"90% 이상",IF(Q16>S16,CONCATENATE(ROUND(((Q16-S16)/(R16-S16))*20+70,0),"%"),IF(Q16>T16,CONCATENATE(ROUND(((Q16-T16)/(S16-T16))*30+40,0),"%"),IF(Q16>U16,CONCATENATE(ROUND(((Q16-U16)/(T16-U16))*30+10,0),"%"),IF(Q16>V16,CONCATENATE(ROUND(((Q16-V16)/(U16-V16))*7+3,0),"%"),"3% 이하")))))) -> 3% 이하 | Q16: =IFERROR(ROUND(OFFSET(환산공식!$FG$15,$F16,0),3),"") -> 0 | R16: =OFFSET('배치점수 계산기'!H$10,$D16,0) -> 664.514 | S16: =OFFSET('배치점수 계산기'!I$10,$D16,0) -> 663.047 | T16: =OFFSET('배치점수 계산기'!J$10,$D16,0) -> 661.072 | U16: =OFFSET('배치점수 계산기'!K$10,$D16,0) -> 659.581 | V16: =OFFSET('배치점수 계산기'!L$10,$D16,0) -> 656.339 | W16: =OFFSET('배치점수 계산기'!M$10,$D16,0) -> 표점 | X16: =OFFSET('배치점수 계산기'!N$10,$D16,0) -> 변표 | Y16: =OFFSET(환산공식!FW$15,$F16,0) -> 0.25 | Z16: =OFFSET(환산공식!FX$15,$F16,0) -> 0.38 | AA16: =OFFSET(환산공식!FY$15,$F16,0) -> 0.38 | AD16: =IF(L16="X",6,IF(Q16>R16,1,IF(Q16>S16,2,IF(Q16>T16,3,IF(Q16>U16,4,IF(Q16>=V16,5,IF(Q16<V16,6,""))))))) -> 6
C17: 가10 | D17: 10 | E17: 5 | F17: 5 | G17: 10 | H17: 가 | I17: 연세대 | J17: 화학과 | K17: 자연 | L17: =IF(OFFSET(환산공식!$ED$15,$F17,0)=1,"O","X") -> X | M17: =IFERROR(OFFSET(환산공식!DJ$15,$F17,0),"") -> 105.6 | N17: =IFERROR(CONCATENATE(ROUND(OFFSET(환산공식!DK$15,$F17,0),1),"%"),"") -> 100% | O17: =IFERROR(OFFSET(환산공식!DL$15,$F17,0),"") -> 0 | P17: =IF(E17="","",IF(Q17>R17,"90% 이상",IF(Q17>S17,CONCATENATE(ROUND(((Q17-S17)/(R17-S17))*20+70,0),"%"),IF(Q17>T17,CONCATENATE(ROUND(((Q17-T17)/(S17-T17))*30+40,0),"%"),IF(Q17>U17,CONCATENATE(ROUND(((Q17-U17)/(T17-U17))*30+10,0),"%"),IF(Q17>V17,CONCATENATE(ROUND(((Q17-V17)/(U17-V17))*7+3,0),"%"),"3% 이하")))))) -> 3% 이하 | Q17: =IFERROR(ROUND(OFFSET(환산공식!$FG$15,$F17,0),3),"") -> 0 | R17: =OFFSET('배치점수 계산기'!H$10,$D17,0) -> 663.419 | S17: =OFFSET('배치점수 계산기'!I$10,$D17,0) -> 662.536 | T17: =OFFSET('배치점수 계산기'!J$10,$D17,0) -> 661.072 | U17: =OFFSET('배치점수 계산기'!K$10,$D17,0) -> 659.386 | V17: =OFFSET('배치점수 계산기'!L$10,$D17,0) -> 656.726 | W17: =OFFSET('배치점수 계산기'!M$10,$D17,0) -> 표점 | X17: =OFFSET('배치점수 계산기'!N$10,$D17,0) -> 변표 | Y17: =OFFSET(환산공식!FW$15,$F17,0) -> 0.25 | Z17: =OFFSET(환산공식!FX$15,$F17,0) -> 0.38 | AA17: =OFFSET(환산공식!FY$15,$F17,0) -> 0.38 | AD17: =IF(L17="X",6,IF(Q17>R17,1,IF(Q17>S17,2,IF(Q17>T17,3,IF(Q17>U17,4,IF(Q17>=V17,5,IF(Q17<V17,6,""))))))) -> 6
C18: 가11 | D18: 11 | E18: 5 | F18: 5 | G18: 11 | H18: 가 | I18: 연세대 | J18: 수학과 | K18: 자연 | L18: =IF(OFFSET(환산공식!$ED$15,$F18,0)=1,"O","X") -> X | M18: =IFERROR(OFFSET(환산공식!DJ$15,$F18,0),"") -> 105.6 | N18: =IFERROR(CONCATENATE(ROUND(OFFSET(환산공식!DK$15,$F18,0),1),"%"),"") -> 100% | O18: =IFERROR(OFFSET(환산공식!DL$15,$F18,0),"") -> 0 | P18: =IF(E18="","",IF(Q18>R18,"90% 이상",IF(Q18>S18,CONCATENATE(ROUND(((Q18-S18)/(R18-S18))*20+70,0),"%"),IF(Q18>T18,CONCATENATE(ROUND(((Q18-T18)/(S18-T18))*30+40,0),"%"),IF(Q18>U18,CONCATENATE(ROUND(((Q18-U18)/(T18-U18))*30+10,0),"%"),IF(Q18>V18,CONCATENATE(ROUND(((Q18-V18)/(U18-V18))*7+3,0),"%"),"3% 이하")))))) -> 3% 이하 | Q18: =IFERROR(ROUND(OFFSET(환산공식!$FG$15,$F18,0),3),"") -> 0 | R18: =OFFSET('배치점수 계산기'!H$10,$D18,0) -> 663.419 | S18: =OFFSET('배치점수 계산기'!I$10,$D18,0) -> 662.35 | T18: =OFFSET('배치점수 계산기'!J$10,$D18,0) -> 660.674 | U18: =OFFSET('배치점수 계산기'!K$10,$D18,0) -> 659.386 | V18: =OFFSET('배치점수 계산기'!L$10,$D18,0) -> 656.62 | W18: =OFFSET('배치점수 계산기'!M$10,$D18,0) -> 표점 | X18: =OFFSET('배치점수 계산기'!N$10,$D18,0) -> 변표 | Y18: =OFFSET(환산공식!FW$15,$F18,0) -> 0.25 | Z18: =OFFSET(환산공식!FX$15,$F18,0) -> 0.38 | AA18: =OFFSET(환산공식!FY$15,$F18,0) -> 0.38 | AD18: =IF(L18="X",6,IF(Q18>R18,1,IF(Q18>S18,2,IF(Q18>T18,3,IF(Q18>U18,4,IF(Q18>=V18,5,IF(Q18<V18,6,""))))))) -> 6
C19: 가12 | D19: 12 | E19: 5 | F19: 5 | G19: 12 | H19: 가 | I19: 연세대 | J19: 지능형반도체전공 | K19: 자연 | L19: =IF(OFFSET(환산공식!$ED$15,$F19,0)=1,"O","X") -> X | M19: =IFERROR(OFFSET(환산공식!DJ$15,$F19,0),"") -> 105.6 | N19: =IFERROR(CONCATENATE(ROUND(OFFSET(환산공식!DK$15,$F19,0),1),"%"),"") -> 100% | O19: =IFERROR(OFFSET(환산공식!DL$15,$F19,0),"") -> 0 | P19: =IF(E19="","",IF(Q19>R19,"90% 이상",IF(Q19>S19,CONCATENATE(ROUND(((Q19-S19)/(R19-S19))*20+70,0),"%"),IF(Q19>T19,CONCATENATE(ROUND(((Q19-T19)/(S19-T19))*30+40,0),"%"),IF(Q19>U19,CONCATENATE(ROUND(((Q19-U19)/(T19-U19))*30+10,0),"%"),IF(Q19>V19,CONCATENATE(ROUND(((Q19-V19)/(U19-V19))*7+3,0),"%"),"3% 이하")))))) -> 3% 이하 | Q19: =IFERROR(ROUND(OFFSET(환산공식!$FG$15,$F19,0),3),"") -> 0 | R19: =OFFSET('배치점수 계산기'!H$10,$D19,0) -> 663.169 | S19: =OFFSET('배치점수 계산기'!I$10,$D19,0) -> 662.536 | T19: =OFFSET('배치점수 계산기'!J$10,$D19,0) -> 660.147 | U19: =OFFSET('배치점수 계산기'!K$10,$D19,0) -> 657.291 | V19: =OFFSET('배치점수 계산기'!L$10,$D19,0) -> 654.49 | W19: =OFFSET('배치점수 계산기'!M$10,$D19,0) -> 표점 | X19: =OFFSET('배치점수 계산기'!N$10,$D19,0) -> 변표 | Y19: =OFFSET(환산공식!FW$15,$F19,0) -> 0.25 | Z19: =OFFSET(환산공식!FX$15,$F19,0) -> 0.38 | AA19: =OFFSET(환산공식!FY$15,$F19,0) -> 0.38 | AD19: =IF(L19="X",6,IF(Q19>R19,1,IF(Q19>S19,2,IF(Q19>T19,3,IF(Q19>U19,4,IF(Q19>=V19,5,IF(Q19<V19,6,""))))))) -> 6
C20: 가13 | D20: 13 | E20: 5 | F20: 5 | G20: 13 | H20: 가 | I20: 연세대 | J20: 디스플레이융합공학과 | K20: 자연 | L20: =IF(OFFSET(환산공식!$ED$15,$F20,0)=1,"O","X") -> X | M20: =IFERROR(OFFSET(환산공식!DJ$15,$F20,0),"") -> 105.6 | N20: =IFERROR(CONCATENATE(ROUND(OFFSET(환산공식!DK$15,$F20,0),1),"%"),"") -> 100% | O20: =IFERROR(OFFSET(환산공식!DL$15,$F20,0),"") -> 0 | P20: =IF(E20="","",IF(Q20>R20,"90% 이상",IF(Q20>S20,CONCATENATE(ROUND(((Q20-S20)/(R20-S20))*20+70,0),"%"),IF(Q20>T20,CONCATENATE(ROUND(((Q20-T20)/(S20-T20))*30+40,0),"%"),IF(Q20>U20,CONCATENATE(ROUND(((Q20-U20)/(T20-U20))*30+10,0),"%"),IF(Q20>V20,CONCATENATE(ROUND(((Q20-V20)/(U20-V20))*7+3,0),"%"),"3% 이하")))))) -> 3% 이하 | Q20: =IFERROR(ROUND(OFFSET(환산공식!$FG$15,$F20,0),3),"") -> 0 | R20: =OFFSET('배치점수 계산기'!H$10,$D20,0) -> 661.688 | S20: =OFFSET('배치점수 계산기'!I$10,$D20,0) -> 660.674 | T20: =OFFSET('배치점수 계산기'!J$10,$D20,0) -> 657.803 | U20: =OFFSET('배치점수 계산기'!K$10,$D20,0) -> 657.027 | V20: =OFFSET('배치점수 계산기'!L$10,$D20,0) -> 652.847 | W20: =OFFSET('배치점수 계산기'!M$10,$D20,0) -> 표점 | X20: =OFFSET('배치점수 계산기'!N$10,$D20,0) -> 변표 | Y20: =OFFSET(환산공식!FW$15,$F20,0) -> 0.25 | Z20: =OFFSET(환산공식!FX$15,$F20,0) -> 0.38 | AA20: =OFFSET(환산공식!FY$15,$F20,0) -> 0.38 | AD20: =IF(L20="X",6,IF(Q20>R20,1,IF(Q20>S20,2,IF(Q20>T20,3,IF(Q20>U20,4,IF(Q20>=V20,5,IF(Q20<V20,6,""))))))) -> 6
... C932: 가925 | D932: 993 | E932: 243 | F932: 243 | G932: 925 | H932: 가 | I932: 한국교원대 | J932: 초등교육 | K932: 통합 | L932: =IF(OFFSET(환산공식!$ED$15,$F932,0)=1,"O","X") -> X | M932: =IFERROR(OFFSET(환산공식!DJ$15,$F932,0),"") -> 100 | N932: =IFERROR(CONCATENATE(ROUND(OFFSET(환산공식!DK$15,$F932,0),1),"%"),"") -> 100% | O932: =IFERROR(OFFSET(환산공식!DL$15,$F932,0),"") -> 0 | P932: =IF(E932="","",IF(Q932>R932,"90% 이상",IF(Q932>S932,CONCATENATE(ROUND(((Q932-S932)/(R932-S932))*20+70,0),"%"),IF(Q932>T932,CONCATENATE(ROUND(((Q932-T932)/(S932-T932))*30+40,0),"%"),IF(Q932>U932,CONCATENATE(ROUND(((Q932-U932)/(T932-U932))*30+10,0),"%"),IF(Q932>V932,CONCATENATE(ROUND(((Q932-V932)/(U932-V932))*7+3,0),"%"),"3% 이하")))))) -> 3% 이하 | Q932: =IFERROR(ROUND(OFFSET(환산공식!$FG$15,$F932,0),3),"") -> 0 | R932: =OFFSET('배치점수 계산기'!H$10,$D932,0) -> 368.95 | S932: =OFFSET('배치점수 계산기'!I$10,$D932,0) -> 365.515 | T932: =OFFSET('배치점수 계산기'!J$10,$D932,0) -> 361.775 | U932: =OFFSET('배치점수 계산기'!K$10,$D932,0) -> 357.485 | V932: =OFFSET('배치점수 계산기'!L$10,$D932,0) -> 352.21 | W932: =OFFSET('배치점수 계산기'!M$10,$D932,0) -> 백분위 | X932: =OFFSET('배치점수 계산기'!N$10,$D932,0) -> 백분위 | Y932: =OFFSET(환산공식!FW$15,$F932,0) -> 0.37 | Z932: =OFFSET(환산공식!FX$15,$F932,0) -> 0.33 | AA932: =OFFSET(환산공식!FY$15,$F932,0) -> 0.3 | AD932: =IF(L932="X",6,IF(Q932>R932,1,IF(Q932>S932,2,IF(Q932>T932,3,IF(Q932>U932,4,IF(Q932>=V932,5,IF(Q932<V932,6,""))))))) -> 6

Sheet        나 군       
B1: 가 | C1: 나 | D1: 다 | E1: 가나다 | I1: 환산점수 배치표 (나 군) 2026학년도 수능 실채점기준
B2: 1 | C2: 2 | D2: 3 | E2: 4 | R2: 제작 및 검토 <베텔기우스> Betelgeuse058.tistory.com
B3: 군 입력
B4: 2 | C4: =IF($B$4=1,CONCATENATE($B$1,AE4),IF($B$4=2,CONCATENATE($C$1,AE4),IF($B$4=3,CONCATENATE($D$1,AE4),IF($B$4=4,CONCATENATE($E$1,AE4))))) -> 나
C5: =IFERROR(INDEX('배치점수 계산기'!A9:C9,MATCH(C4,'배치점수 계산기'!A7:C7,0)),) -> 992 | R5: 판정 기준점수
M6: 감점 상세 | P6: 나의 점수 | R6: 안정 | S6: 적정 | T6: 예상컷 | U6: 도전 | W6: 반영 방법 | Y6: 실질 반영비
E7: 공식 연번 | H7: 모집군 | I7: 대학 | J7: 학과 | K7: 계열 | L7: 지원가능 | M7: 영어감점 | N7: 영어감점 비율 | O7: 한국사/외국어 | P7: 합격확률 추정 | Q7: 환산점수 | R7: 0.9 | S7: 0.7 | T7: 0.4 | U7: 0.1 | V7: 0.03 | W7: 국 수 | X7: 탐구 | Y7: 국 | Z7: 수 | AA7: 탐 | AD7: 서식기준
C8: =_xlfn.CONCAT($C$4,G8) -> 나1 | D8: =MATCH($C8,'배치점수 계산기'!$O$11:$O$3001,0) -> 994 | E8: =OFFSET('배치점수 계산기'!A$10,D8,0) -> 2 | F8: =MATCH(E8,환산공식!$C$16:$C$903,0) -> 2 | G8: 1 | H8: =IFERROR(INDEX('배치점수 계산기'!C$11:C$3001,MATCH($C8,'배치점수 계산기'!$O$11:$O$3001,0)),"") -> 나 | I8: =IFERROR(INDEX('배치점수 계산기'!D$11:D$3001,MATCH($C8,'배치점수 계산기'!$O$11:$O$3001,0)),"") -> 서울대 | J8: =IFERROR(INDEX('배치점수 계산기'!E$11:E$3001,MATCH($C8,'배치점수 계산기'!$O$11:$O$3001,0)),"") -> 컴퓨터공학부 | K8: =IFERROR(INDEX('배치점수 계산기'!F$11:F$3001,MATCH($C8,'배치점수 계산기'!$O$11:$O$3001,0)),"") -> 자연 | L8: =IF(OFFSET(환산공식!$ED$15,$F8,0)=1,"O","X") -> X | M8: =IFERROR(OFFSET(환산공식!DJ$15,$F8,0),"") -> 0 | N8: =IFERROR(CONCATENATE(ROUND(OFFSET(환산공식!DK$15,$F8,0),1),"%"),"") | O8: =IFERROR(OFFSET(환산공식!DL$15,$F8,0),"") -> 0 | P8: =IF(E8="","",IF(Q8>R8,"90% 이상",IF(Q8>S8,CONCATENATE(ROUND(((Q8-S8)/(R8-S8))*20+70,0),"%"),IF(Q8>T8,CONCATENATE(ROUND(((Q8-T8)/(S8-T8))*30+40,0),"%"),IF(Q8>U8,CONCATENATE(ROUND(((Q8-U8)/(T8-U8))*30+10,0),"%"),IF(Q8>V8,CONCATENATE(ROUND(((Q8-V8)/(U8-V8))*7+3,0),"%"),"3% 이하")))))) -> 3% 이하 | Q8: =IFERROR(ROUND(OFFSET(환산공식!$FG$15,$F8,0),3),"") -> 0 | R8: =OFFSET('배치점수 계산기'!H$10,$D8,0) -> 416.052 | S8: =OFFSET('배치점수 계산기'!I$10,$D8,0) -> 412.532 | T8: =OFFSET('배치점수 계산기'!J$10,$D8,0) -> 409.284 | U8: =OFFSET('배치점수 계산기'!K$10,$D8,0) -> 405.686 | V8: =OFFSET('배치점수 계산기'!L$10,$D8,0) -> 400.318 | W8: =OFFSET('배치점수 계산기'!M$10,$D8,0) -> 표점 | X8: =OFFSET('배치점수 계산기'!N$10,$D8,0) -> 표점 | Y8: =OFFSET(환산공식!FW$15,$F8,0) -> 0.33 | Z8: =OFFSET(환산공식!FX$15,$F8,0) -> 0.4 | AA8: =OFFSET(환산공식!FY$15,$F8,0) -> 0.27 | AD8: =IF(L8="X",6,IF(Q8>R8,1,IF(Q8>S8,2,IF(Q8>T8,3,IF(Q8>U8,4,IF(Q8>=V8,5,IF(Q8<V8,6,""))))))) -> 6
C9: 나2 | D9: 995 | E9: 2 | F9: 2 | G9: 2 | H9: 나 | I9: 서울대 | J9: 수리과학부 | K9: 자연 | L9: =IF(OFFSET(환산공식!$ED$15,$F9,0)=1,"O","X") -> X | M9: =IFERROR(OFFSET(환산공식!DJ$15,$F9,0),"") -> 0 | N9: =IFERROR(CONCATENATE(ROUND(OFFSET(환산공식!DK$15,$F9,0),1),"%"),"") | O9: =IFERROR(OFFSET(환산공식!DL$15,$F9,0),"") -> 0 | P9: =IF(E9="","",IF(Q9>R9,"90% 이상",IF(Q9>S9,CONCATENATE(ROUND(((Q9-S9)/(R9-S9))*20+70,0),"%"),IF(Q9>T9,CONCATENATE(ROUND(((Q9-T9)/(S9-T9))*30+40,0),"%"),IF(Q9>U9,CONCATENATE(ROUND(((Q9-U9)/(T9-U9))*30+10,0),"%"),IF(Q9>V9,CONCATENATE(ROUND(((Q9-V9)/(U9-V9))*7+3,0),"%"),"3% 이하")))))) -> 3% 이하 | Q9: =IFERROR(ROUND(OFFSET(환산공식!$FG$15,$F9,0),3),"") -> 0 | R9: =OFFSET('배치점수 계산기'!H$10,$D9,0) -> 413.976 | S9: =OFFSET('배치점수 계산기'!I$10,$D9,0) -> 412.672 | T9: =OFFSET('배치점수 계산기'!J$10,$D9,0) -> 409.284 | U9: =OFFSET('배치점수 계산기'!K$10,$D9,0) -> 405.436 | V9: =OFFSET('배치점수 계산기'!L$10,$D9,0) -> 403.22 | W9: =OFFSET('배치점수 계산기'!M$10,$D9,0) -> 표점 | X9: =OFFSET('배치점수 계산기'!N$10,$D9,0) -> 표점 | Y9: =OFFSET(환산공식!FW$15,$F9,0) -> 0.33 | Z9: =OFFSET(환산공식!FX$15,$F9,0) -> 0.4 | AA9: =OFFSET(환산공식!FY$15,$F9,0) -> 0.27 | AD9: =IF(L9="X",6,IF(Q9>R9,1,IF(Q9>S9,2,IF(Q9>T9,3,IF(Q9>U9,4,IF(Q9>=V9,5,IF(Q9<V9,6,""))))))) -> 6
C10: 나3 | D10: 996 | E10: 2 | F10: 2 | G10: 3 | H10: 나 | I10: 서울대 | J10: 통계학과 | K10: 자연 | L10: =IF(OFFSET(환산공식!$ED$15,$F10,0)=1,"O","X") -> X | M10: =IFERROR(OFFSET(환산공식!DJ$15,$F10,0),"") -> 0 | N10: =IFERROR(CONCATENATE(ROUND(OFFSET(환산공식!DK$15,$F10,0),1),"%"),"") | O10: =IFERROR(OFFSET(환산공식!DL$15,$F10,0),"") -> 0 | P10: =IF(E10="","",IF(Q10>R10,"90% 이상",IF(Q10>S10,CONCATENATE(ROUND(((Q10-S10)/(R10-S10))*20+70,0),"%"),IF(Q10>T10,CONCATENATE(ROUND(((Q10-T10)/(S10-T10))*30+40,0),"%"),IF(Q10>U10,CONCATENATE(ROUND(((Q10-U10)/(T10-U10))*30+10,0),"%"),IF(Q10>V10,CONCATENATE(ROUND(((Q10-V10)/(U10-V10))*7+3,0),"%"),"3% 이하")))))) -> 3% 이하 | Q10: =IFERROR(ROUND(OFFSET(환산공식!$FG$15,$F10,0),3),"") -> 0 | R10: =OFFSET('배치점수 계산기'!H$10,$D10,0) -> 408.982 | S10: =OFFSET('배치점수 계산기'!I$10,$D10,0) -> 407.306 | T10: =OFFSET('배치점수 계산기'!J$10,$D10,0) -> 405.686 | U10: =OFFSET('배치점수 계산기'!K$10,$D10,0) -> 403.22 | V10: =OFFSET('배치점수 계산기'!L$10,$D10,0) -> 400.598 | W10: =OFFSET('배치점수 계산기'!M$10,$D10,0) -> 표점 | X10: =OFFSET('배치점수 계산기'!N$10,$D10,0) -> 표점 | Y10: =OFFSET(환산공식!FW$15,$F10,0) -> 0.33 | Z10: =OFFSET(환산공식!FX$15,$F10,0) -> 0.4 | AA10: =OFFSET(환산공식!FY$15,$F10,0) -> 0.27 | AD10: =IF(L10="X",6,IF(Q10>R10,1,IF(Q10>S10,2,IF(Q10>T10,3,IF(Q10>U10,4,IF(Q10>=V10,5,IF(Q10<V10,6,""))))))) -> 6
C11: 나4 | D11: 997 | E11: 4 | F11: 4 | G11: 4 | H11: 나 | I11: 서울대 | J11: 광역(학부대학) | K11: 자연 | L11: =IF(OFFSET(환산공식!$ED$15,$F11,0)=1,"O","X") -> X | M11: =IFERROR(OFFSET(환산공식!DJ$15,$F11,0),"") -> 0 | N11: =IFERROR(CONCATENATE(ROUND(OFFSET(환산공식!DK$15,$F11,0),1),"%"),"") | O11: =IFERROR(OFFSET(환산공식!DL$15,$F11,0),"") -> 0 | P11: =IF(E11="","",IF(Q11>R11,"90% 이상",IF(Q11>S11,CONCATENATE(ROUND(((Q11-S11)/(R11-S11))*20+70,0),"%"),IF(Q11>T11,CONCATENATE(ROUND(((Q11-T11)/(S11-T11))*30+40,0),"%"),IF(Q11>U11,CONCATENATE(ROUND(((Q11-U11)/(T11-U11))*30+10,0),"%"),IF(Q11>V11,CONCATENATE(ROUND(((Q11-V11)/(U11-V11))*7+3,0),"%"),"3% 이하")))))) -> 3% 이하 | Q11: =IFERROR(ROUND(OFFSET(환산공식!$FG$15,$F11,0),3),"") -> 0 | R11: =OFFSET('배치점수 계산기'!H$10,$D11,0) -> 404.51 | S11: =OFFSET('배치점수 계산기'!I$10,$D11,0) -> 403.3 | T11: =OFFSET('배치점수 계산기'!J$10,$D11,0) -> 402.89 | U11: =OFFSET('배치점수 계산기'!K$10,$D11,0) -> 401.48 | V11: =OFFSET('배치점수 계산기'!L$10,$D11,0) -> 399.59 | W11: =OFFSET('배치점수 계산기'!M$10,$D11,0) -> 표점 | X11: =OFFSET('배치점수 계산기'!N$10,$D11,0) -> 표점 | Y11: =OFFSET(환산공식!FW$15,$F11,0) -> 0.33 | Z11: =OFFSET(환산공식!FX$15,$F11,0) -> 0.4 | AA11: =OFFSET(환산공식!FY$15,$F11,0) -> 0.27 | AD11: =IF(L11="X",6,IF(Q11>R11,1,IF(Q11>S11,2,IF(Q11>T11,3,IF(Q11>U11,4,IF(Q11>=V11,5,IF(Q11<V11,6,""))))))) -> 6
C12: 나5 | D12: 998 | E12: 1 | F12: 1 | G12: 5 | H12: 나 | I12: 서울대 | J12: 전기·정보공학부 | K12: 자연 | L12: =IF(OFFSET(환산공식!$ED$15,$F12,0)=1,"O","X") -> X | M12: =IFERROR(OFFSET(환산공식!DJ$15,$F12,0),"") -> 0 | N12: =IFERROR(CONCATENATE(ROUND(OFFSET(환산공식!DK$15,$F12,0),1),"%"),"") | O12: =IFERROR(OFFSET(환산공식!DL$15,$F12,0),"") -> 0 | P12: =IF(E12="","",IF(Q12>R12,"90% 이상",IF(Q12>S12,CONCATENATE(ROUND(((Q12-S12)/(R12-S12))*20+70,0),"%"),IF(Q12>T12,CONCATENATE(ROUND(((Q12-T12)/(S12-T12))*30+40,0),"%"),IF(Q12>U12,CONCATENATE(ROUND(((Q12-U12)/(T12-U12))*30+10,0),"%"),IF(Q12>V12,CONCATENATE(ROUND(((Q12-V12)/(U12-V12))*7+3,0),"%"),"3% 이하")))))) -> 3% 이하 | Q12: =IFERROR(ROUND(OFFSET(환산공식!$FG$15,$F12,0),3),"") -> 0 | R12: =OFFSET('배치점수 계산기'!H$10,$D12,0) -> 406.588 | S12: =OFFSET('배치점수 계산기'!I$10,$D12,0) -> 405.782 | T12: =OFFSET('배치점수 계산기'!J$10,$D12,0) -> 404.906 | U12: =OFFSET('배치점수 계산기'!K$10,$D12,0) -> 404.13 | V12: =OFFSET('배치점수 계산기'!L$10,$D12,0) -> 399.606 | W12: =OFFSET('배치점수 계산기'!M$10,$D12,0) -> 표점 | X12: =OFFSET('배치점수 계산기'!N$10,$D12,0) -> 표점 | Y12: =OFFSET(환산공식!FW$15,$F12,0) -> 0.33 | Z12: =OFFSET(환산공식!FX$15,$F12,0) -> 0.4 | AA12: =OFFSET(환산공식!FY$15,$F12,0) -> 0.27 | AD12: =IF(L12="X",6,IF(Q12>R12,1,IF(Q12>S12,2,IF(Q12>T12,3,IF(Q12>U12,4,IF(Q12>=V12,5,IF(Q12<V12,6,""))))))) -> 6
C13: 나6 | D13: 999 | E13: 1 | F13: 1 | G13: 6 | H13: 나 | I13: 서울대 | J13: 물리·천문학부 물리학전공 | K13: 자연 | L13: =IF(OFFSET(환산공식!$ED$15,$F13,0)=1,"O","X") -> X | M13: =IFERROR(OFFSET(환산공식!DJ$15,$F13,0),"") -> 0 | N13: =IFERROR(CONCATENATE(ROUND(OFFSET(환산공식!DK$15,$F13,0),1),"%"),"") | O13: =IFERROR(OFFSET(환산공식!DL$15,$F13,0),"") -> 0 | P13: =IF(E13="","",IF(Q13>R13,"90% 이상",IF(Q13>S13,CONCATENATE(ROUND(((Q13-S13)/(R13-S13))*20+70,0),"%"),IF(Q13>T13,CONCATENATE(ROUND(((Q13-T13)/(S13-T13))*30+40,0),"%"),IF(Q13>U13,CONCATENATE(ROUND(((Q13-U13)/(T13-U13))*30+10,0),"%"),IF(Q13>V13,CONCATENATE(ROUND(((Q13-V13)/(U13-V13))*7+3,0),"%"),"3% 이하")))))) -> 3% 이하 | Q13: =IFERROR(ROUND(OFFSET(환산공식!$FG$15,$F13,0),3),"") -> 0 | R13: =OFFSET('배치점수 계산기'!H$10,$D13,0) -> 406.588 | S13: =OFFSET('배치점수 계산기'!I$10,$D13,0) -> 405.712 | T13: =OFFSET('배치점수 계산기'!J$10,$D13,0) -> 404.906 | U13: =OFFSET('배치점수 계산기'!K$10,$D13,0) -> 400.926 | V13: =OFFSET('배치점수 계산기'!L$10,$D13,0) -> 399.172 | W13: =OFFSET('배치점수 계산기'!M$10,$D13,0) -> 표점 | X13: =OFFSET('배치점수 계산기'!N$10,$D13,0) -> 표점 | Y13: =OFFSET(환산공식!FW$15,$F13,0) -> 0.33 | Z13: =OFFSET(환산공식!FX$15,$F13,0) -> 0.4 | AA13: =OFFSET(환산공식!FY$15,$F13,0) -> 0.27 | AD13: =IF(L13="X",6,IF(Q13>R13,1,IF(Q13>S13,2,IF(Q13>T13,3,IF(Q13>U13,4,IF(Q13>=V13,5,IF(Q13<V13,6,""))))))) -> 6
C14: 나7 | D14: 1000 | E14: 1 | F14: 1 | G14: 7 | H14: 나 | I14: 서울대 | J14: 기계공학부 | K14: 자연 | L14: =IF(OFFSET(환산공식!$ED$15,$F14,0)=1,"O","X") -> X | M14: =IFERROR(OFFSET(환산공식!DJ$15,$F14,0),"") -> 0 | N14: =IFERROR(CONCATENATE(ROUND(OFFSET(환산공식!DK$15,$F14,0),1),"%"),"") | O14: =IFERROR(OFFSET(환산공식!DL$15,$F14,0),"") -> 0 | P14: =IF(E14="","",IF(Q14>R14,"90% 이상",IF(Q14>S14,CONCATENATE(ROUND(((Q14-S14)/(R14-S14))*20+70,0),"%"),IF(Q14>T14,CONCATENATE(ROUND(((Q14-T14)/(S14-T14))*30+40,0),"%"),IF(Q14>U14,CONCATENATE(ROUND(((Q14-U14)/(T14-U14))*30+10,0),"%"),IF(Q14>V14,CONCATENATE(ROUND(((Q14-V14)/(U14-V14))*7+3,0),"%"),"3% 이하")))))) -> 3% 이하 | Q14: =IFERROR(ROUND(OFFSET(환산공식!$FG$15,$F14,0),3),"") -> 0 | R14: =OFFSET('배치점수 계산기'!H$10,$D14,0) -> 404.906 | S14: =OFFSET('배치점수 계산기'!I$10,$D14,0) -> 404.13 | T14: =OFFSET('배치점수 계산기'!J$10,$D14,0) -> 402.73 | U14: =OFFSET('배치점수 계산기'!K$10,$D14,0) -> 401.2 | V14: =OFFSET('배치점수 계산기'!L$10,$D14,0) -> 397.566 | W14: =OFFSET('배치점수 계산기'!M$10,$D14,0) -> 표점 | X14: =OFFSET('배치점수 계산기'!N$10,$D14,0) -> 표점 | Y14: =OFFSET(환산공식!FW$15,$F14,0) -> 0.33 | Z14: =OFFSET(환산공식!FX$15,$F14,0) -> 0.4 | AA14: =OFFSET(환산공식!FY$15,$F14,0) -> 0.27 | AD14: =IF(L14="X",6,IF(Q14>R14,1,IF(Q14>S14,2,IF(Q14>T14,3,IF(Q14>U14,4,IF(Q14>=V14,5,IF(Q14<V14,6,""))))))) -> 6
C15: 나8 | D15: 1001 | E15: 2 | F15: 2 | G15: 8 | H15: 나 | I15: 서울대 | J15: 수학교육과 | K15: 자연 | L15: =IF(OFFSET(환산공식!$ED$15,$F15,0)=1,"O","X") -> X | M15: =IFERROR(OFFSET(환산공식!DJ$15,$F15,0),"") -> 0 | N15: =IFERROR(CONCATENATE(ROUND(OFFSET(환산공식!DK$15,$F15,0),1),"%"),"") | O15: =IFERROR(OFFSET(환산공식!DL$15,$F15,0),"") -> 0 | P15: =IF(E15="","",IF(Q15>R15,"90% 이상",IF(Q15>S15,CONCATENATE(ROUND(((Q15-S15)/(R15-S15))*20+70,0),"%"),IF(Q15>T15,CONCATENATE(ROUND(((Q15-T15)/(S15-T15))*30+40,0),"%"),IF(Q15>U15,CONCATENATE(ROUND(((Q15-U15)/(T15-U15))*30+10,0),"%"),IF(Q15>V15,CONCATENATE(ROUND(((Q15-V15)/(U15-V15))*7+3,0),"%"),"3% 이하")))))) -> 3% 이하 | Q15: =IFERROR(ROUND(OFFSET(환산공식!$FG$15,$F15,0),3),"") -> 0 | R15: =OFFSET('배치점수 계산기'!H$10,$D15,0) -> 405.258 | S15: =OFFSET('배치점수 계산기'!I$10,$D15,0) -> 404.05 | T15: =OFFSET('배치점수 계산기'!J$10,$D15,0) -> 402.65 | U15: =OFFSET('배치점수 계산기'!K$10,$D15,0) -> 401.488 | V15: =OFFSET('배치점수 계산기'!L$10,$D15,0) -> 400.838 | W15: =OFFSET('배치점수 계산기'!M$10,$D15,0) -> 표점 | X15: =OFFSET('배치점수 계산기'!N$10,$D15,0) -> 표점 | Y15: =OFFSET(환산공식!FW$15,$F15,0) -> 0.33 | Z15: =OFFSET(환산공식!FX$15,$F15,0) -> 0.4 | AA15: =OFFSET(환산공식!FY$15,$F15,0) -> 0.27 | AD15: =IF(L15="X",6,IF(Q15>R15,1,IF(Q15>S15,2,IF(Q15>T15,3,IF(Q15>U15,4,IF(Q15>=V15,5,IF(Q15<V15,6,""))))))) -> 6
C16: 나9 | D16: 1002 | E16: 2 | F16: 2 | G16: 9 | H16: 나 | I16: 서울대 | J16: 화학생물공학부 | K16: 자연 | L16: =IF(OFFSET(환산공식!$ED$15,$F16,0)=1,"O","X") -> X | M16: =IFERROR(OFFSET(환산공식!DJ$15,$F16,0),"") -> 0 | N16: =IFERROR(CONCATENATE(ROUND(OFFSET(환산공식!DK$15,$F16,0),1),"%"),"") | O16: =IFERROR(OFFSET(환산공식!DL$15,$F16,0),"") -> 0 | P16: =IF(E16="","",IF(Q16>R16,"90% 이상",IF(Q16>S16,CONCATENATE(ROUND(((Q16-S16)/(R16-S16))*20+70,0),"%"),IF(Q16>T16,CONCATENATE(ROUND(((Q16-T16)/(S16-T16))*30+40,0),"%"),IF(Q16>U16,CONCATENATE(ROUND(((Q16-U16)/(T16-U16))*30+10,0),"%"),IF(Q16>V16,CONCATENATE(ROUND(((Q16-V16)/(U16-V16))*7+3,0),"%"),"3% 이하")))))) -> 3% 이하 | Q16: =IFERROR(ROUND(OFFSET(환산공식!$FG$15,$F16,0),3),"") -> 0 | R16: =OFFSET('배치점수 계산기'!H$10,$D16,0) -> 405.436 | S16: =OFFSET('배치점수 계산기'!I$10,$D16,0) -> 404.26 | T16: =OFFSET('배치점수 계산기'!J$10,$D16,0) -> 402.378 | U16: =OFFSET('배치점수 계산기'!K$10,$D16,0) -> 400.598 | V16: =OFFSET('배치점수 계산기'!L$10,$D16,0) -> 397.478 | W16: =OFFSET('배치점수 계산기'!M$10,$D16,0) -> 표점 | X16: =OFFSET('배치점수 계산기'!N$10,$D16,0) -> 표점 | Y16: =OFFSET(환산공식!FW$15,$F16,0) -> 0.33 | Z16: =OFFSET(환산공식!FX$15,$F16,0) -> 0.4 | AA16: =OFFSET(환산공식!FY$15,$F16,0) -> 0.27 | AD16: =IF(L16="X",6,IF(Q16>R16,1,IF(Q16>S16,2,IF(Q16>T16,3,IF(Q16>U16,4,IF(Q16>=V16,5,IF(Q16<V16,6,""))))))) -> 6
C17: 나10 | D17: 1003 | E17: 1 | F17: 1 | G17: 10 | H17: 나 | I17: 서울대 | J17: 식물생산과학부 | K17: 자연 | L17: =IF(OFFSET(환산공식!$ED$15,$F17,0)=1,"O","X") -> X | M17: =IFERROR(OFFSET(환산공식!DJ$15,$F17,0),"") -> 0 | N17: =IFERROR(CONCATENATE(ROUND(OFFSET(환산공식!DK$15,$F17,0),1),"%"),"") | O17: =IFERROR(OFFSET(환산공식!DL$15,$F17,0),"") -> 0 | P17: =IF(E17="","",IF(Q17>R17,"90% 이상",IF(Q17>S17,CONCATENATE(ROUND(((Q17-S17)/(R17-S17))*20+70,0),"%"),IF(Q17>T17,CONCATENATE(ROUND(((Q17-T17)/(S17-T17))*30+40,0),"%"),IF(Q17>U17,CONCATENATE(ROUND(((Q17-U17)/(T17-U17))*30+10,0),"%"),IF(Q17>V17,CONCATENATE(ROUND(((Q17-V17)/(U17-V17))*7+3,0),"%"),"3% 이하")))))) -> 3% 이하 | Q17: =IFERROR(ROUND(OFFSET(환산공식!$FG$15,$F17,0),3),"") -> 0 | R17: =OFFSET('배치점수 계산기'!H$10,$D17,0) -> 404.906 | S17: =OFFSET('배치점수 계산기'!I$10,$D17,0) -> 404.13 | T17: =OFFSET('배치점수 계산기'!J$10,$D17,0) -> 402.466 | U17: =OFFSET('배치점수 계산기'!K$10,$D17,0) -> 400.926 | V17: =OFFSET('배치점수 계산기'!L$10,$D17,0) -> 398.536 | W17: =OFFSET('배치점수 계산기'!M$10,$D17,0) -> 표점 | X17: =OFFSET('배치점수 계산기'!N$10,$D17,0) -> 표점 | Y17: =OFFSET(환산공식!FW$15,$F17,0) -> 0.33 | Z17: =OFFSET(환산공식!FX$15,$F17,0) -> 0.4 | AA17: =OFFSET(환산공식!FY$15,$F17,0) -> 0.27 | AD17: =IF(L17="X",6,IF(Q17>R17,1,IF(Q17>S17,2,IF(Q17>T17,3,IF(Q17>U17,4,IF(Q17>=V17,5,IF(Q17<V17,6,""))))))) -> 6
C18: 나11 | D18: 1004 | E18: 1 | F18: 1 | G18: 11 | H18: 나 | I18: 서울대 | J18: 물리·천문학부 천문학전공 | K18: 자연 | L18: =IF(OFFSET(환산공식!$ED$15,$F18,0)=1,"O","X") -> X | M18: =IFERROR(OFFSET(환산공식!DJ$15,$F18,0),"") -> 0 | N18: =IFERROR(CONCATENATE(ROUND(OFFSET(환산공식!DK$15,$F18,0),1),"%"),"") | O18: =IFERROR(OFFSET(환산공식!DL$15,$F18,0),"") -> 0 | P18: =IF(E18="","",IF(Q18>R18,"90% 이상",IF(Q18>S18,CONCATENATE(ROUND(((Q18-S18)/(R18-S18))*20+70,0),"%"),IF(Q18>T18,CONCATENATE(ROUND(((Q18-T18)/(S18-T18))*30+40,0),"%"),IF(Q18>U18,CONCATENATE(ROUND(((Q18-U18)/(T18-U18))*30+10,0),"%"),IF(Q18>V18,CONCATENATE(ROUND(((Q18-V18)/(U18-V18))*7+3,0),"%"),"3% 이하")))))) -> 3% 이하 | Q18: =IFERROR(ROUND(OFFSET(환산공식!$FG$15,$F18,0),3),"") -> 0 | R18: =OFFSET('배치점수 계산기'!H$10,$D18,0) -> 405.346 | S18: =OFFSET('배치점수 계산기'!I$10,$D18,0) -> 403.85 | T18: =OFFSET('배치점수 계산기'!J$10,$D18,0) -> 402.26 | U18: =OFFSET('배치점수 계산기'!K$10,$D18,0) -> 399.316 | V18: =OFFSET('배치점수 계산기'!L$10,$D18,0) -> 398.362 | W18: =OFFSET('배치점수 계산기'!M$10,$D18,0) -> 표점 | X18: =OFFSET('배치점수 계산기'!N$10,$D18,0) -> 표점 | Y18: =OFFSET(환산공식!FW$15,$F18,0) -> 0.33 | Z18: =OFFSET(환산공식!FX$15,$F18,0) -> 0.4 | AA18: =OFFSET(환산공식!FY$15,$F18,0) -> 0.27 | AD18: =IF(L18="X",6,IF(Q18>R18,1,IF(Q18>S18,2,IF(Q18>T18,3,IF(Q18>U18,4,IF(Q18>=V18,5,IF(Q18<V18,6,""))))))) -> 6
C19: 나12 | D19: 1005 | E19: 2 | F19: 2 | G19: 12 | H19: 나 | I19: 서울대 | J19: 생명과학부 | K19: 자연 | L19: =IF(OFFSET(환산공식!$ED$15,$F19,0)=1,"O","X") -> X | M19: =IFERROR(OFFSET(환산공식!DJ$15,$F19,0),"") -> 0 | N19: =IFERROR(CONCATENATE(ROUND(OFFSET(환산공식!DK$15,$F19,0),1),"%"),"") | O19: =IFERROR(OFFSET(환산공식!DL$15,$F19,0),"") -> 0 | P19: =IF(E19="","",IF(Q19>R19,"90% 이상",IF(Q19>S19,CONCATENATE(ROUND(((Q19-S19)/(R19-S19))*20+70,0),"%"),IF(Q19>T19,CONCATENATE(ROUND(((Q19-T19)/(S19-T19))*30+40,0),"%"),IF(Q19>U19,CONCATENATE(ROUND(((Q19-U19)/(T19-U19))*30+10,0),"%"),IF(Q19>V19,CONCATENATE(ROUND(((Q19-V19)/(U19-V19))*7+3,0),"%"),"3% 이하")))))) -> 3% 이하 | Q19: =IFERROR(ROUND(OFFSET(환산공식!$FG$15,$F19,0),3),"") -> 0 | R19: =OFFSET('배치점수 계산기'!H$10,$D19,0) -> 404.818 | S19: =OFFSET('배치점수 계산기'!I$10,$D19,0) -> 404.05 | T19: =OFFSET('배치점수 계산기'!J$10,$D19,0) -> 402.18 | U19: =OFFSET('배치점수 계산기'!K$10,$D19,0) -> 400.038 | V19: =OFFSET('배치점수 계산기'!L$10,$D19,0) -> 398.868 | W19: =OFFSET('배치점수 계산기'!M$10,$D19,0) -> 표점 | X19: =OFFSET('배치점수 계산기'!N$10,$D19,0) -> 표점 | Y19: =OFFSET(환산공식!FW$15,$F19,0) -> 0.33 | Z19: =OFFSET(환산공식!FX$15,$F19,0) -> 0.4 | AA19: =OFFSET(환산공식!FY$15,$F19,0) -> 0.27 | AD19: =IF(L19="X",6,IF(Q19>R19,1,IF(Q19>S19,2,IF(Q19>T19,3,IF(Q19>U19,4,IF(Q19>=V19,5,IF(Q19<V19,6,""))))))) -> 6
C20: 나13 | D20: 1006 | E20: 2 | F20: 2 | G20: 13 | H20: 나 | I20: 서울대 | J20: 첨단융합학부 | K20: 자연 | L20: =IF(OFFSET(환산공식!$ED$15,$F20,0)=1,"O","X") -> X | M20: =IFERROR(OFFSET(환산공식!DJ$15,$F20,0),"") -> 0 | N20: =IFERROR(CONCATENATE(ROUND(OFFSET(환산공식!DK$15,$F20,0),1),"%"),"") | O20: =IFERROR(OFFSET(환산공식!DL$15,$F20,0),"") -> 0 | P20: =IF(E20="","",IF(Q20>R20,"90% 이상",IF(Q20>S20,CONCATENATE(ROUND(((Q20-S20)/(R20-S20))*20+70,0),"%"),IF(Q20>T20,CONCATENATE(ROUND(((Q20-T20)/(S20-T20))*30+40,0),"%"),IF(Q20>U20,CONCATENATE(ROUND(((Q20-U20)/(T20-U20))*30+10,0),"%"),IF(Q20>V20,CONCATENATE(ROUND(((Q20-V20)/(U20-V20))*7+3,0),"%"),"3% 이하")))))) -> 3% 이하 | Q20: =IFERROR(ROUND(OFFSET(환산공식!$FG$15,$F20,0),3),"") -> 0 | R20: =OFFSET('배치점수 계산기'!H$10,$D20,0) -> 405.436 | S20: =OFFSET('배치점수 계산기'!I$10,$D20,0) -> 404.26 | T20: =OFFSET('배치점수 계산기'!J$10,$D20,0) -> 402.18 | U20: =OFFSET('배치점수 계산기'!K$10,$D20,0) -> 400.038 | V20: =OFFSET('배치점수 계산기'!L$10,$D20,0) -> 398.106 | W20: =OFFSET('배치점수 계산기'!M$10,$D20,0) -> 표점 | X20: =OFFSET('배치점수 계산기'!N$10,$D20,0) -> 표점 | Y20: =OFFSET(환산공식!FW$15,$F20,0) -> 0.33 | Z20: =OFFSET(환산공식!FX$15,$F20,0) -> 0.4 | AA20: =OFFSET(환산공식!FY$15,$F20,0) -> 0.27 | AD20: =IF(L20="X",6,IF(Q20>R20,1,IF(Q20>S20,2,IF(Q20>T20,3,IF(Q20>U20,4,IF(Q20>=V20,5,IF(Q20<V20,6,""))))))) -> 6
... C876: 나869 | D876: 1891 | E876: 242 | F876: 242 | G876: 869 | H876: 나 | I876: 춘천교대 | J876: 기초/차상위 | K876: 통합 | L876: =IF(OFFSET(환산공식!$ED$15,$F876,0)=1,"O","X") -> X | M876: =IFERROR(OFFSET(환산공식!DJ$15,$F876,0),"") -> 100 | N876: =IFERROR(CONCATENATE(ROUND(OFFSET(환산공식!DK$15,$F876,0),1),"%"),"") -> 100% | O876: =IFERROR(OFFSET(환산공식!DL$15,$F876,0),"") -> 10 | P876: =IF(E876="","",IF(Q876>R876,"90% 이상",IF(Q876>S876,CONCATENATE(ROUND(((Q876-S876)/(R876-S876))*20+70,0),"%"),IF(Q876>T876,CONCATENATE(ROUND(((Q876-T876)/(S876-T876))*30+40,0),"%"),IF(Q876>U876,CONCATENATE(ROUND(((Q876-U876)/(T876-U876))*30+10,0),"%"),IF(Q876>V876,CONCATENATE(ROUND(((Q876-V876)/(U876-V876))*7+3,0),"%"),"3% 이하")))))) -> 3% 이하 | Q876: =IFERROR(ROUND(OFFSET(환산공식!$FG$15,$F876,0),3),"") -> 0 | R876: =OFFSET('배치점수 계산기'!H$10,$D876,0) -> 380.52 | S876: =OFFSET('배치점수 계산기'!I$10,$D876,0) -> 378.656 | T876: =OFFSET('배치점수 계산기'!J$10,$D876,0) -> 375.92 | U876: =OFFSET('배치점수 계산기'!K$10,$D876,0) -> 369.416 | V876: =OFFSET('배치점수 계산기'!L$10,$D876,0) -> 362.58 | W876: =OFFSET('배치점수 계산기'!M$10,$D876,0) -> 표점 | X876: =OFFSET('배치점수 계산기'!N$10,$D876,0) -> 표점 | Y876: =OFFSET(환산공식!FW$15,$F876,0) -> 0.33 | Z876: =OFFSET(환산공식!FX$15,$F876,0) -> 0.33 | AA876: =OFFSET(환산공식!FY$15,$F876,0) -> 0.33 | AD876: =IF(L876="X",6,IF(Q876>R876,1,IF(Q876>S876,2,IF(Q876>T876,3,IF(Q876>U876,4,IF(Q876>=V876,5,IF(Q876<V876,6,""))))))) -> 6

Sheet        다 군      
B1: 가 | C1: 나 | D1: 다 | E1: 가나다 | I1: 환산점수 배치표 (다 군) 2026학년도 수능 실채점기준
B2: 1 | C2: 2 | D2: 3 | E2: 4 | R2: 제작 및 검토 <베텔기우스> Betelgeuse058.tistory.com
B3: 군 입력
B4: 3 | C4: =IF($B$4=1,CONCATENATE($B$1,AE4),IF($B$4=2,CONCATENATE($C$1,AE4),IF($B$4=3,CONCATENATE($D$1,AE4),IF($B$4=4,CONCATENATE($E$1,AE4))))) -> 다
C5: =IFERROR(INDEX('배치점수 계산기'!A9:C9,MATCH(C4,'배치점수 계산기'!A7:C7,0)),) -> 1890 | R5: 판정 기준점수
M6: 감점 상세 | P6: 나의 점수 | R6: 안정 | S6: 적정 | T6: 예상컷 | U6: 도전 | W6: 반영 방법 | Y6: 실질 반영비
E7: 공식 연번 | H7: 모집군 | I7: 대학 | J7: 학과 | K7: 계열 | L7: 지원가능 | M7: 영어감점 | N7: 영어감점 비율 | O7: 한국사/외국어 | P7: 합격확률 추정 | Q7: 환산점수 | R7: 0.9 | S7: 0.7 | T7: 0.4 | U7: 0.1 | V7: 0.03 | W7: 국 수 | X7: 탐구 | Y7: 국 | Z7: 수 | AA7: 탐 | AD7: 서식기준
C8: =_xlfn.CONCAT($C$4,G8) -> 다1 | D8: =MATCH($C8,'배치점수 계산기'!$O$11:$O$3001,0) -> 1892 | E8: =OFFSET('배치점수 계산기'!A$10,D8,0) -> 11 | F8: =MATCH(E8,환산공식!$C$16:$C$903,0) -> 11 | G8: 1 | H8: =IFERROR(INDEX('배치점수 계산기'!C$11:C$3001,MATCH($C8,'배치점수 계산기'!$O$11:$O$3001,0)),"") -> 다 | I8: =IFERROR(INDEX('배치점수 계산기'!D$11:D$3001,MATCH($C8,'배치점수 계산기'!$O$11:$O$3001,0)),"") -> 고려대 | J8: =IFERROR(INDEX('배치점수 계산기'!E$11:E$3001,MATCH($C8,'배치점수 계산기'!$O$11:$O$3001,0)),"") -> 학부대학 | K8: =IFERROR(INDEX('배치점수 계산기'!F$11:F$3001,MATCH($C8,'배치점수 계산기'!$O$11:$O$3001,0)),"") -> 통합 | L8: =IF(OFFSET(환산공식!$ED$15,$F8,0)=1,"O","X") -> X | M8: =IFERROR(OFFSET(환산공식!DJ$15,$F8,0),"") -> 0 | N8: =IFERROR(CONCATENATE(ROUND(OFFSET(환산공식!DK$15,$F8,0),1),"%"),"") | O8: =IFERROR(OFFSET(환산공식!DL$15,$F8,0),"") -> 0 | P8: =IF(E8="","",IF(Q8>R8,"90% 이상",IF(Q8>S8,CONCATENATE(ROUND(((Q8-S8)/(R8-S8))*20+70,0),"%"),IF(Q8>T8,CONCATENATE(ROUND(((Q8-T8)/(S8-T8))*30+40,0),"%"),IF(Q8>U8,CONCATENATE(ROUND(((Q8-U8)/(T8-U8))*30+10,0),"%"),IF(Q8>V8,CONCATENATE(ROUND(((Q8-V8)/(U8-V8))*7+3,0),"%"),"3% 이하")))))) -> 3% 이하 | Q8: =IFERROR(ROUND(OFFSET(환산공식!$FG$15,$F8,0),3),"") -> 0 | R8: =OFFSET('배치점수 계산기'!H$10,$D8,0) -> 663.31 | S8: =OFFSET('배치점수 계산기'!I$10,$D8,0) -> 662.867 | T8: =OFFSET('배치점수 계산기'!J$10,$D8,0) -> 661.049 | U8: =OFFSET('배치점수 계산기'!K$10,$D8,0) -> 659.71 | V8: =OFFSET('배치점수 계산기'!L$10,$D8,0) -> 656.361 | W8: =OFFSET('배치점수 계산기'!M$10,$D8,0) -> 표점 | X8: =OFFSET('배치점수 계산기'!N$10,$D8,0) -> 변표 | Y8: =OFFSET(환산공식!FW$15,$F8,0) -> 0.36 | Z8: =OFFSET(환산공식!FX$15,$F8,0) -> 0.36 | AA8: =OFFSET(환산공식!FY$15,$F8,0) -> 0.29 | AD8: =IF(L8="X",6,IF(Q8>R8,1,IF(Q8>S8,2,IF(Q8>T8,3,IF(Q8>U8,4,IF(Q8>=V8,5,IF(Q8<V8,6,""))))))) -> 6
C9: 다2 | D9: 1894 | E9: 14 | F9: 14 | G9: 2 | H9: 다 | I9: 서강대 | J9: AI기반자유전공학부 | K9: 자연 | L9: =IF(OFFSET(환산공식!$ED$15,$F9,0)=1,"O","X") -> X | M9: =IFERROR(OFFSET(환산공식!DJ$15,$F9,0),"") -> 100 | N9: =IFERROR(CONCATENATE(ROUND(OFFSET(환산공식!DK$15,$F9,0),1),"%"),"") -> 100% | O9: =IFERROR(OFFSET(환산공식!DL$15,$F9,0),"") -> 10 | P9: =IF(E9="","",IF(Q9>R9,"90% 이상",IF(Q9>S9,CONCATENATE(ROUND(((Q9-S9)/(R9-S9))*20+70,0),"%"),IF(Q9>T9,CONCATENATE(ROUND(((Q9-T9)/(S9-T9))*30+40,0),"%"),IF(Q9>U9,CONCATENATE(ROUND(((Q9-U9)/(T9-U9))*30+10,0),"%"),IF(Q9>V9,CONCATENATE(ROUND(((Q9-V9)/(U9-V9))*7+3,0),"%"),"3% 이하")))))) -> 3% 이하 | Q9: =IFERROR(ROUND(OFFSET(환산공식!$FG$15,$F9,0),3),"") -> 0 | R9: =OFFSET('배치점수 계산기'!H$10,$D9,0) -> 502.585 | S9: =OFFSET('배치점수 계산기'!I$10,$D9,0) -> 501.973 | T9: =OFFSET('배치점수 계산기'!J$10,$D9,0) -> 501.367 | U9: =OFFSET('배치점수 계산기'!K$10,$D9,0) -> 499.113 | V9: =OFFSET('배치점수 계산기'!L$10,$D9,0) -> 497.185 | W9: =OFFSET('배치점수 계산기'!M$10,$D9,0) -> 표점 | X9: =OFFSET('배치점수 계산기'!N$10,$D9,0) -> 변표 | Y9: =OFFSET(환산공식!FW$15,$F9,0) -> 0.43 | Z9: =OFFSET(환산공식!FX$15,$F9,0) -> 0.37 | AA9: =OFFSET(환산공식!FY$15,$F9,0) -> 0.2 | AD9: =IF(L9="X",6,IF(Q9>R9,1,IF(Q9>S9,2,IF(Q9>T9,3,IF(Q9>U9,4,IF(Q9>=V9,5,IF(Q9<V9,6,""))))))) -> 6
C10: 다3 | D10: 1895 | E10: 14 | F10: 14 | G10: 3 | H10: 다 | I10: 서강대 | J10: 인문학기반자유전공학부 | K10: 통합 | L10: =IF(OFFSET(환산공식!$ED$15,$F10,0)=1,"O","X") -> X | M10: =IFERROR(OFFSET(환산공식!DJ$15,$F10,0),"") -> 100 | N10: =IFERROR(CONCATENATE(ROUND(OFFSET(환산공식!DK$15,$F10,0),1),"%"),"") -> 100% | O10: =IFERROR(OFFSET(환산공식!DL$15,$F10,0),"") -> 10 | P10: =IF(E10="","",IF(Q10>R10,"90% 이상",IF(Q10>S10,CONCATENATE(ROUND(((Q10-S10)/(R10-S10))*20+70,0),"%"),IF(Q10>T10,CONCATENATE(ROUND(((Q10-T10)/(S10-T10))*30+40,0),"%"),IF(Q10>U10,CONCATENATE(ROUND(((Q10-U10)/(T10-U10))*30+10,0),"%"),IF(Q10>V10,CONCATENATE(ROUND(((Q10-V10)/(U10-V10))*7+3,0),"%"),"3% 이하")))))) -> 3% 이하 | Q10: =IFERROR(ROUND(OFFSET(환산공식!$FG$15,$F10,0),3),"") -> 0 | R10: =OFFSET('배치점수 계산기'!H$10,$D10,0) -> 503.729 | S10: =OFFSET('배치점수 계산기'!I$10,$D10,0) -> 503.522 | T10: =OFFSET('배치점수 계산기'!J$10,$D10,0) -> 502.877 | U10: =OFFSET('배치점수 계산기'!K$10,$D10,0) -> 502.093 | V10: =OFFSET('배치점수 계산기'!L$10,$D10,0) -> 500.568 | W10: =OFFSET('배치점수 계산기'!M$10,$D10,0) -> 표점 | X10: =OFFSET('배치점수 계산기'!N$10,$D10,0) -> 변표 | Y10: =OFFSET(환산공식!FW$15,$F10,0) -> 0.43 | Z10: =OFFSET(환산공식!FX$15,$F10,0) -> 0.37 | AA10: =OFFSET(환산공식!FY$15,$F10,0) -> 0.2 | AD10: =IF(L10="X",6,IF(Q10>R10,1,IF(Q10>S10,2,IF(Q10>T10,3,IF(Q10>U10,4,IF(Q10>=V10,5,IF(Q10<V10,6,""))))))) -> 6
C11: 다4 | D11: 1896 | E11: 275 | F11: 275 | G11: 4 | H11: 다 | I11: 성균관대 | J11: 배터리학과 | K11: 자연 | L11: =IF(OFFSET(환산공식!$ED$15,$F11,0)=1,"O","X") -> X | M11: =IFERROR(OFFSET(환산공식!DJ$15,$F11,0),"") -> 63.5 | N11: =IFERROR(CONCATENATE(ROUND(OFFSET(환산공식!DK$15,$F11,0),1),"%"),"") -> 100% | O11: =IFERROR(OFFSET(환산공식!DL$15,$F11,0),"") -> 0 | P11: =IF(E11="","",IF(Q11>R11,"90% 이상",IF(Q11>S11,CONCATENATE(ROUND(((Q11-S11)/(R11-S11))*20+70,0),"%"),IF(Q11>T11,CONCATENATE(ROUND(((Q11-T11)/(S11-T11))*30+40,0),"%"),IF(Q11>U11,CONCATENATE(ROUND(((Q11-U11)/(T11-U11))*30+10,0),"%"),IF(Q11>V11,CONCATENATE(ROUND(((Q11-V11)/(U11-V11))*7+3,0),"%"),"3% 이하")))))) -> 3% 이하 | Q11: =IFERROR(ROUND(OFFSET(환산공식!$FG$15,$F11,0),3),"") -> 0 | R11: =OFFSET('배치점수 계산기'!H$10,$D11,0) -> 674.559 | S11: =OFFSET('배치점수 계산기'!I$10,$D11,0) -> 673.048 | T11: =OFFSET('배치점수 계산기'!J$10,$D11,0) -> 671.305 | U11: =OFFSET('배치점수 계산기'!K$10,$D11,0) -> 669.721 | V11: =OFFSET('배치점수 계산기'!L$10,$D11,0) -> 664.8 | W11: =OFFSET('배치점수 계산기'!M$10,$D11,0) -> 표점 | X11: =OFFSET('배치점수 계산기'!N$10,$D11,0) -> 변표 | Y11: =OFFSET(환산공식!FW$15,$F11,0) -> 0.27 | Z11: =OFFSET(환산공식!FX$15,$F11,0) -> 0.36 | AA11: =OFFSET(환산공식!FY$15,$F11,0) -> 0.36 | AD11: =IF(L11="X",6,IF(Q11>R11,1,IF(Q11>S11,2,IF(Q11>T11,3,IF(Q11>U11,4,IF(Q11>=V11,5,IF(Q11<V11,6,""))))))) -> 6
C12: 다5 | D12: 1897 | E12: 275 | F12: 275 | G12: 5 | H12: 다 | I12: 성균관대 | J12: 반도체융합공학과 | K12: 자연 | L12: =IF(OFFSET(환산공식!$ED$15,$F12,0)=1,"O","X") -> X | M12: =IFERROR(OFFSET(환산공식!DJ$15,$F12,0),"") -> 63.5 | N12: =IFERROR(CONCATENATE(ROUND(OFFSET(환산공식!DK$15,$F12,0),1),"%"),"") -> 100% | O12: =IFERROR(OFFSET(환산공식!DL$15,$F12,0),"") -> 0 | P12: =IF(E12="","",IF(Q12>R12,"90% 이상",IF(Q12>S12,CONCATENATE(ROUND(((Q12-S12)/(R12-S12))*20+70,0),"%"),IF(Q12>T12,CONCATENATE(ROUND(((Q12-T12)/(S12-T12))*30+40,0),"%"),IF(Q12>U12,CONCATENATE(ROUND(((Q12-U12)/(T12-U12))*30+10,0),"%"),IF(Q12>V12,CONCATENATE(ROUND(((Q12-V12)/(U12-V12))*7+3,0),"%"),"3% 이하")))))) -> 3% 이하 | Q12: =IFERROR(ROUND(OFFSET(환산공식!$FG$15,$F12,0),3),"") -> 0 | R12: =OFFSET('배치점수 계산기'!H$10,$D12,0) -> 671.305 | S12: =OFFSET('배치점수 계산기'!I$10,$D12,0) -> 669.981 | T12: =OFFSET('배치점수 계산기'!J$10,$D12,0) -> 668.227 | U12: =OFFSET('배치점수 계산기'!K$10,$D12,0) -> 667.029 | V12: =OFFSET('배치점수 계산기'!L$10,$D12,0) -> 662.46 | W12: =OFFSET('배치점수 계산기'!M$10,$D12,0) -> 표점 | X12: =OFFSET('배치점수 계산기'!N$10,$D12,0) -> 변표 | Y12: =OFFSET(환산공식!FW$15,$F12,0) -> 0.27 | Z12: =OFFSET(환산공식!FX$15,$F12,0) -> 0.36 | AA12: =OFFSET(환산공식!FY$15,$F12,0) -> 0.36 | AD12: =IF(L12="X",6,IF(Q12>R12,1,IF(Q12>S12,2,IF(Q12>T12,3,IF(Q12>U12,4,IF(Q12>=V12,5,IF(Q12<V12,6,""))))))) -> 6
C13: 다6 | D13: 1898 | E13: 275 | F13: 275 | G13: 6 | H13: 다 | I13: 성균관대 | J13: 양자정보공학과 | K13: 자연 | L13: =IF(OFFSET(환산공식!$ED$15,$F13,0)=1,"O","X") -> X | M13: =IFERROR(OFFSET(환산공식!DJ$15,$F13,0),"") -> 63.5 | N13: =IFERROR(CONCATENATE(ROUND(OFFSET(환산공식!DK$15,$F13,0),1),"%"),"") -> 100% | O13: =IFERROR(OFFSET(환산공식!DL$15,$F13,0),"") -> 0 | P13: =IF(E13="","",IF(Q13>R13,"90% 이상",IF(Q13>S13,CONCATENATE(ROUND(((Q13-S13)/(R13-S13))*20+70,0),"%"),IF(Q13>T13,CONCATENATE(ROUND(((Q13-T13)/(S13-T13))*30+40,0),"%"),IF(Q13>U13,CONCATENATE(ROUND(((Q13-U13)/(T13-U13))*30+10,0),"%"),IF(Q13>V13,CONCATENATE(ROUND(((Q13-V13)/(U13-V13))*7+3,0),"%"),"3% 이하")))))) -> 3% 이하 | Q13: =IFERROR(ROUND(OFFSET(환산공식!$FG$15,$F13,0),3),"") -> 0 | R13: =OFFSET('배치점수 계산기'!H$10,$D13,0) -> 671.305 | S13: =OFFSET('배치점수 계산기'!I$10,$D13,0) -> 669.981 | T13: =OFFSET('배치점수 계산기'!J$10,$D13,0) -> 668.227 | U13: =OFFSET('배치점수 계산기'!K$10,$D13,0) -> 667.029 | V13: =OFFSET('배치점수 계산기'!L$10,$D13,0) -> 664.534 | W13: =OFFSET('배치점수 계산기'!M$10,$D13,0) -> 표점 | X13: =OFFSET('배치점수 계산기'!N$10,$D13,0) -> 변표 | Y13: =OFFSET(환산공식!FW$15,$F13,0) -> 0.27 | Z13: =OFFSET(환산공식!FX$15,$F13,0) -> 0.36 | AA13: =OFFSET(환산공식!FY$15,$F13,0) -> 0.36 | AD13: =IF(L13="X",6,IF(Q13>R13,1,IF(Q13>S13,2,IF(Q13>T13,3,IF(Q13>U13,4,IF(Q13>=V13,5,IF(Q13<V13,6,""))))))) -> 6
C14: 다7 | D14: 1899 | E14: 275 | F14: 275 | G14: 7 | H14: 다 | I14: 성균관대 | J14: 글로벌바이오메디컬공학과 | K14: 자연 | L14: =IF(OFFSET(환산공식!$ED$15,$F14,0)=1,"O","X") -> X | M14: =IFERROR(OFFSET(환산공식!DJ$15,$F14,0),"") -> 63.5 | N14: =IFERROR(CONCATENATE(ROUND(OFFSET(환산공식!DK$15,$F14,0),1),"%"),"") -> 100% | O14: =IFERROR(OFFSET(환산공식!DL$15,$F14,0),"") -> 0 | P14: =IF(E14="","",IF(Q14>R14,"90% 이상",IF(Q14>S14,CONCATENATE(ROUND(((Q14-S14)/(R14-S14))*20+70,0),"%"),IF(Q14>T14,CONCATENATE(ROUND(((Q14-T14)/(S14-T14))*30+40,0),"%"),IF(Q14>U14,CONCATENATE(ROUND(((Q14-U14)/(T14-U14))*30+10,0),"%"),IF(Q14>V14,CONCATENATE(ROUND(((Q14-V14)/(U14-V14))*7+3,0),"%"),"3% 이하")))))) -> 3% 이하 | Q14: =IFERROR(ROUND(OFFSET(환산공식!$FG$15,$F14,0),3),"") -> 0 | R14: =OFFSET('배치점수 계산기'!H$10,$D14,0) -> 669.721 | S14: =OFFSET('배치점수 계산기'!I$10,$D14,0) -> 667.827 | T14: =OFFSET('배치점수 계산기'!J$10,$D14,0) -> 666.169 | U14: =OFFSET('배치점수 계산기'!K$10,$D14,0) -> 664.8 | V14: =OFFSET('배치점수 계산기'!L$10,$D14,0) -> 660.46 | W14: =OFFSET('배치점수 계산기'!M$10,$D14,0) -> 표점 | X14: =OFFSET('배치점수 계산기'!N$10,$D14,0) -> 변표 | Y14: =OFFSET(환산공식!FW$15,$F14,0) -> 0.27 | Z14: =OFFSET(환산공식!FX$15,$F14,0) -> 0.36 | AA14: =OFFSET(환산공식!FY$15,$F14,0) -> 0.36 | AD14: =IF(L14="X",6,IF(Q14>R14,1,IF(Q14>S14,2,IF(Q14>T14,3,IF(Q14>U14,4,IF(Q14>=V14,5,IF(Q14<V14,6,""))))))) -> 6
C15: 다8 | D15: 1900 | E15: 275 | F15: 275 | G15: 8 | H15: 다 | I15: 성균관대 | J15: 에너지학과 | K15: 자연 | L15: =IF(OFFSET(환산공식!$ED$15,$F15,0)=1,"O","X") -> X | M15: =IFERROR(OFFSET(환산공식!DJ$15,$F15,0),"") -> 63.5 | N15: =IFERROR(CONCATENATE(ROUND(OFFSET(환산공식!DK$15,$F15,0),1),"%"),"") -> 100% | O15: =IFERROR(OFFSET(환산공식!DL$15,$F15,0),"") -> 0 | P15: =IF(E15="","",IF(Q15>R15,"90% 이상",IF(Q15>S15,CONCATENATE(ROUND(((Q15-S15)/(R15-S15))*20+70,0),"%"),IF(Q15>T15,CONCATENATE(ROUND(((Q15-T15)/(S15-T15))*30+40,0),"%"),IF(Q15>U15,CONCATENATE(ROUND(((Q15-U15)/(T15-U15))*30+10,0),"%"),IF(Q15>V15,CONCATENATE(ROUND(((Q15-V15)/(U15-V15))*7+3,0),"%"),"3% 이하")))))) -> 3% 이하 | Q15: =IFERROR(ROUND(OFFSET(환산공식!$FG$15,$F15,0),3),"") -> 0 | R15: =OFFSET('배치점수 계산기'!H$10,$D15,0) -> 668.227 | S15: =OFFSET('배치점수 계산기'!I$10,$D15,0) -> 667.029 | T15: =OFFSET('배치점수 계산기'!J$10,$D15,0) -> 665.881 | U15: =OFFSET('배치점수 계산기'!K$10,$D15,0) -> 664.534 | V15: =OFFSET('배치점수 계산기'!L$10,$D15,0) -> 660.085 | W15: =OFFSET('배치점수 계산기'!M$10,$D15,0) -> 표점 | X15: =OFFSET('배치점수 계산기'!N$10,$D15,0) -> 변표 | Y15: =OFFSET(환산공식!FW$15,$F15,0) -> 0.27 | Z15: =OFFSET(환산공식!FX$15,$F15,0) -> 0.36 | AA15: =OFFSET(환산공식!FY$15,$F15,0) -> 0.36 | AD15: =IF(L15="X",6,IF(Q15>R15,1,IF(Q15>S15,2,IF(Q15>T15,3,IF(Q15>U15,4,IF(Q15>=V15,5,IF(Q15<V15,6,""))))))) -> 6
C16: 다9 | D16: 1901 | E16: 278 | F16: 278 | G16: 9 | H16: 다 | I16: 성균관대 | J16: 글로벌경영학과 | K16: 통합 | L16: =IF(OFFSET(환산공식!$ED$15,$F16,0)=1,"O","X") -> X | M16: =IFERROR(OFFSET(환산공식!DJ$15,$F16,0),"") -> 63.5 | N16: =IFERROR(CONCATENATE(ROUND(OFFSET(환산공식!DK$15,$F16,0),1),"%"),"") -> 100% | O16: =IFERROR(OFFSET(환산공식!DL$15,$F16,0),"") -> 0 | P16: =IF(E16="","",IF(Q16>R16,"90% 이상",IF(Q16>S16,CONCATENATE(ROUND(((Q16-S16)/(R16-S16))*20+70,0),"%"),IF(Q16>T16,CONCATENATE(ROUND(((Q16-T16)/(S16-T16))*30+40,0),"%"),IF(Q16>U16,CONCATENATE(ROUND(((Q16-U16)/(T16-U16))*30+10,0),"%"),IF(Q16>V16,CONCATENATE(ROUND(((Q16-V16)/(U16-V16))*7+3,0),"%"),"3% 이하")))))) -> 3% 이하 | Q16: =IFERROR(ROUND(OFFSET(환산공식!$FG$15,$F16,0),3),"") -> 0 | R16: =OFFSET('배치점수 계산기'!H$10,$D16,0) -> 664.89 | S16: =OFFSET('배치점수 계산기'!I$10,$D16,0) -> 662.824 | T16: =OFFSET('배치점수 계산기'!J$10,$D16,0) -> 661.823 | U16: =OFFSET('배치점수 계산기'!K$10,$D16,0) -> 656.542 | V16: =OFFSET('배치점수 계산기'!L$10,$D16,0) -> 654.156 | W16: =OFFSET('배치점수 계산기'!M$10,$D16,0) -> 표점 | X16: =OFFSET('배치점수 계산기'!N$10,$D16,0) -> 변표 | Y16: =OFFSET(환산공식!FW$15,$F16,0) -> 0.27 | Z16: =OFFSET(환산공식!FX$15,$F16,0) -> 0.36 | AA16: =OFFSET(환산공식!FY$15,$F16,0) -> 0.36 | AD16: =IF(L16="X",6,IF(Q16>R16,1,IF(Q16>S16,2,IF(Q16>T16,3,IF(Q16>U16,4,IF(Q16>=V16,5,IF(Q16<V16,6,""))))))) -> 6
C17: 다10 | D17: 1902 | E17: 29 | F17: 29 | G17: 10 | H17: 다 | I17: 한양대 | J17: 한양인터칼리지학부 | K17: 통합 | L17: =IF(OFFSET(환산공식!$ED$15,$F17,0)=1,"O","X") -> X | M17: =IFERROR(OFFSET(환산공식!DJ$15,$F17,0),"") -> 100 | N17: =IFERROR(CONCATENATE(ROUND(OFFSET(환산공식!DK$15,$F17,0),1),"%"),"") -> 100% | O17: =IFERROR(OFFSET(환산공식!DL$15,$F17,0),"") -> 0 | P17: =IF(E17="","",IF(Q17>R17,"90% 이상",IF(Q17>S17,CONCATENATE(ROUND(((Q17-S17)/(R17-S17))*20+70,0),"%"),IF(Q17>T17,CONCATENATE(ROUND(((Q17-T17)/(S17-T17))*30+40,0),"%"),IF(Q17>U17,CONCATENATE(ROUND(((Q17-U17)/(T17-U17))*30+10,0),"%"),IF(Q17>V17,CONCATENATE(ROUND(((Q17-V17)/(U17-V17))*7+3,0),"%"),"3% 이하")))))) -> 3% 이하 | Q17: =IFERROR(ROUND(OFFSET(환산공식!$FG$15,$F17,0),3),"") -> 0 | R17: =OFFSET('배치점수 계산기'!H$10,$D17,0) -> 851.641 | S17: =OFFSET('배치점수 계산기'!I$10,$D17,0) -> 849.107 | T17: =OFFSET('배치점수 계산기'!J$10,$D17,0) -> 847.423 | U17: =OFFSET('배치점수 계산기'!K$10,$D17,0) -> 845.267 | V17: =OFFSET('배치점수 계산기'!L$10,$D17,0) -> 843.729 | W17: =OFFSET('배치점수 계산기'!M$10,$D17,0) -> 표점/만점 | X17: =OFFSET('배치점수 계산기'!N$10,$D17,0) -> 변표/만점 | Y17: =OFFSET(환산공식!FW$15,$F17,0) -> 0.39 | Z17: =OFFSET(환산공식!FX$15,$F17,0) -> 0.39 | AA17: =OFFSET(환산공식!FY$15,$F17,0) -> 0.22 | AD17: =IF(L17="X",6,IF(Q17>R17,1,IF(Q17>S17,2,IF(Q17>T17,3,IF(Q17>U17,4,IF(Q17>=V17,5,IF(Q17<V17,6,""))))))) -> 6
C18: 다11 | D18: 1903 | E18: 30 | F18: 30 | G18: 11 | H18: 다 | I18: 중앙대 | J18: 창의ICT공과대학 | K18: 자연 | L18: =IF(OFFSET(환산공식!$ED$15,$F18,0)=1,"O","X") -> X | M18: =IFERROR(OFFSET(환산공식!DJ$15,$F18,0),"") -> 100 | N18: =IFERROR(CONCATENATE(ROUND(OFFSET(환산공식!DK$15,$F18,0),1),"%"),"") -> 100% | O18: =IFERROR(OFFSET(환산공식!DL$15,$F18,0),"") -> 10 | P18: =IF(E18="","",IF(Q18>R18,"90% 이상",IF(Q18>S18,CONCATENATE(ROUND(((Q18-S18)/(R18-S18))*20+70,0),"%"),IF(Q18>T18,CONCATENATE(ROUND(((Q18-T18)/(S18-T18))*30+40,0),"%"),IF(Q18>U18,CONCATENATE(ROUND(((Q18-U18)/(T18-U18))*30+10,0),"%"),IF(Q18>V18,CONCATENATE(ROUND(((Q18-V18)/(U18-V18))*7+3,0),"%"),"3% 이하")))))) -> 3% 이하 | Q18: =IFERROR(ROUND(OFFSET(환산공식!$FG$15,$F18,0),3),"") -> 0 | R18: =OFFSET('배치점수 계산기'!H$10,$D18,0) -> 768.376 | S18: =OFFSET('배치점수 계산기'!I$10,$D18,0) -> 766.333 | T18: =OFFSET('배치점수 계산기'!J$10,$D18,0) -> 764.964 | U18: =OFFSET('배치점수 계산기'!K$10,$D18,0) -> 764.074 | V18: =OFFSET('배치점수 계산기'!L$10,$D18,0) -> 762.401 | W18: =OFFSET('배치점수 계산기'!M$10,$D18,0) -> 표점 | X18: =OFFSET('배치점수 계산기'!N$10,$D18,0) -> 변표 | Y18: =OFFSET(환산공식!FW$15,$F18,0) -> 0.3 | Z18: =OFFSET(환산공식!FX$15,$F18,0) -> 0.35 | AA18: =OFFSET(환산공식!FY$15,$F18,0) -> 0.35 | AD18: =IF(L18="X",6,IF(Q18>R18,1,IF(Q18>S18,2,IF(Q18>T18,3,IF(Q18>U18,4,IF(Q18>=V18,5,IF(Q18<V18,6,""))))))) -> 6
C19: 다12 | D19: 1904 | E19: 30 | F19: 30 | G19: 12 | H19: 다 | I19: 중앙대 | J19: 소프트웨어학부 | K19: 자연 | L19: =IF(OFFSET(환산공식!$ED$15,$F19,0)=1,"O","X") -> X | M19: =IFERROR(OFFSET(환산공식!DJ$15,$F19,0),"") -> 100 | N19: =IFERROR(CONCATENATE(ROUND(OFFSET(환산공식!DK$15,$F19,0),1),"%"),"") -> 100% | O19: =IFERROR(OFFSET(환산공식!DL$15,$F19,0),"") -> 10 | P19: =IF(E19="","",IF(Q19>R19,"90% 이상",IF(Q19>S19,CONCATENATE(ROUND(((Q19-S19)/(R19-S19))*20+70,0),"%"),IF(Q19>T19,CONCATENATE(ROUND(((Q19-T19)/(S19-T19))*30+40,0),"%"),IF(Q19>U19,CONCATENATE(ROUND(((Q19-U19)/(T19-U19))*30+10,0),"%"),IF(Q19>V19,CONCATENATE(ROUND(((Q19-V19)/(U19-V19))*7+3,0),"%"),"3% 이하")))))) -> 3% 이하 | Q19: =IFERROR(ROUND(OFFSET(환산공식!$FG$15,$F19,0),3),"") -> 0 | R19: =OFFSET('배치점수 계산기'!H$10,$D19,0) -> 767.669 | S19: =OFFSET('배치점수 계산기'!I$10,$D19,0) -> 765.627 | T19: =OFFSET('배치점수 계산기'!J$10,$D19,0) -> 764.437 | U19: =OFFSET('배치점수 계산기'!K$10,$D19,0) -> 762.897 | V19: =OFFSET('배치점수 계산기'!L$10,$D19,0) -> 759.456 | W19: =OFFSET('배치점수 계산기'!M$10,$D19,0) -> 표점 | X19: =OFFSET('배치점수 계산기'!N$10,$D19,0) -> 변표 | Y19: =OFFSET(환산공식!FW$15,$F19,0) -> 0.3 | Z19: =OFFSET(환산공식!FX$15,$F19,0) -> 0.35 | AA19: =OFFSET(환산공식!FY$15,$F19,0) -> 0.35 | AD19: =IF(L19="X",6,IF(Q19>R19,1,IF(Q19>S19,2,IF(Q19>T19,3,IF(Q19>U19,4,IF(Q19>=V19,5,IF(Q19<V19,6,""))))))) -> 6
C20: 다13 | D20: 1905 | E20: 32 | F20: 32 | G20: 13 | H20: 다 | I20: 중앙대 | J20: 경영학부(경영학) | K20: 통합 | L20: =IF(OFFSET(환산공식!$ED$15,$F20,0)=1,"O","X") -> X | M20: =IFERROR(OFFSET(환산공식!DJ$15,$F20,0),"") -> 100 | N20: =IFERROR(CONCATENATE(ROUND(OFFSET(환산공식!DK$15,$F20,0),1),"%"),"") -> 100% | O20: =IFERROR(OFFSET(환산공식!DL$15,$F20,0),"") -> 10 | P20: =IF(E20="","",IF(Q20>R20,"90% 이상",IF(Q20>S20,CONCATENATE(ROUND(((Q20-S20)/(R20-S20))*20+70,0),"%"),IF(Q20>T20,CONCATENATE(ROUND(((Q20-T20)/(S20-T20))*30+40,0),"%"),IF(Q20>U20,CONCATENATE(ROUND(((Q20-U20)/(T20-U20))*30+10,0),"%"),IF(Q20>V20,CONCATENATE(ROUND(((Q20-V20)/(U20-V20))*7+3,0),"%"),"3% 이하")))))) -> 3% 이하 | Q20: =IFERROR(ROUND(OFFSET(환산공식!$FG$15,$F20,0),3),"") -> 0 | R20: =OFFSET('배치점수 계산기'!H$10,$D20,0) -> 755.477 | S20: =OFFSET('배치점수 계산기'!I$10,$D20,0) -> 754.362 | T20: =OFFSET('배치점수 계산기'!J$10,$D20,0) -> 753.225 | U20: =OFFSET('배치점수 계산기'!K$10,$D20,0) -> 751.666 | V20: =OFFSET('배치점수 계산기'!L$10,$D20,0) -> 751.34 | W20: =OFFSET('배치점수 계산기'!M$10,$D20,0) -> 표점 | X20: =OFFSET('배치점수 계산기'!N$10,$D20,0) -> 변표 | Y20: =OFFSET(환산공식!FW$15,$F20,0) -> 0.3 | Z20: =OFFSET(환산공식!FX$15,$F20,0) -> 0.4 | AA20: =OFFSET(환산공식!FY$15,$F20,0) -> 0.3 | AD20: =IF(L20="X",6,IF(Q20>R20,1,IF(Q20>S20,2,IF(Q20>T20,3,IF(Q20>U20,4,IF(Q20>=V20,5,IF(Q20<V20,6,""))))))) -> 6
... C371: 다364 | D371: 2276 | E371: 217 | F371: 217 | G371: 364 | H371: 다 | I371: 제주대 | J371: 수의예 | K371: 자연 | L371: =IF(OFFSET(환산공식!$ED$15,$F371,0)=1,"O","X") -> X | M371: =IFERROR(OFFSET(환산공식!DJ$15,$F371,0),"") -> 200 | N371: =IFERROR(CONCATENATE(ROUND(OFFSET(환산공식!DK$15,$F371,0),1),"%"),"") -> 100% | O371: =IFERROR(OFFSET(환산공식!DL$15,$F371,0),"") -> 10 | P371: =IF(E371="","",IF(Q371>R371,"90% 이상",IF(Q371>S371,CONCATENATE(ROUND(((Q371-S371)/(R371-S371))*20+70,0),"%"),IF(Q371>T371,CONCATENATE(ROUND(((Q371-T371)/(S371-T371))*30+40,0),"%"),IF(Q371>U371,CONCATENATE(ROUND(((Q371-U371)/(T371-U371))*30+10,0),"%"),IF(Q371>V371,CONCATENATE(ROUND(((Q371-V371)/(U371-V371))*7+3,0),"%"),"3% 이하")))))) -> 3% 이하 | Q371: =IFERROR(ROUND(OFFSET(환산공식!$FG$15,$F371,0),3),"") -> 0 | R371: =OFFSET('배치점수 계산기'!H$10,$D371,0) -> 970.83 | S371: =OFFSET('배치점수 계산기'!I$10,$D371,0) -> 967.72 | T371: =OFFSET('배치점수 계산기'!J$10,$D371,0) -> 965.81 | U371: =OFFSET('배치점수 계산기'!K$10,$D371,0) -> 962.81 | V371: =OFFSET('배치점수 계산기'!L$10,$D371,0) -> 962.07 | W371: =OFFSET('배치점수 계산기'!M$10,$D371,0) -> 백분위 | X371: =OFFSET('배치점수 계산기'!N$10,$D371,0) -> 백분위 | Y371: =OFFSET(환산공식!FW$15,$F371,0) -> 0.25 | Z371: =OFFSET(환산공식!FX$15,$F371,0) -> 0.38 | AA371: =OFFSET(환산공식!FY$15,$F371,0) -> 0.38 | AD371: =IF(L371="X",6,IF(Q371>R371,1,IF(Q371>S371,2,IF(Q371>T371,3,IF(Q371>U371,4,IF(Q371>=V371,5,IF(Q371<V371,6,""))))))) -> 6

Sheet 변환표준점수
A1: 2026학년도 탐구 변표
A2: (업데이트 - 25.12.10) | C2: 26실제변표 | G2: 작년변표 | I2: 작년변표 | K2: 작년변표 | M2: 작년변표 | O2: 작년변표 | S2: 작년변표 | W2: 작년변표 | AA2: 작년변표 | AE2: 작년변표 | AI2: 작년변표 | AM2: 작년변표 | AQ2: 작년변표 | AU2: 작년변표 | AY2: 작년변표 | BC2: 26실제변표 | BG2: 작년변표 | BK2: 작년변표 | BO2: 작년변표 | BQ2: 작년변표 | BU2: 작년변표 | CC2: 작년변표 | CG2: 작년변표 | CK2: 26실제변표 | CO2: 작년변표 | CS2: 26실제변표 | CW2: 작년변표 | DA2: 작년변표
C3: 연세대 | G3: 고려대 | I3: 서강 자연 | K3: 서강 인문 | M3: 서강 자유 | O3: 성균관대 | S3: 한양대 | W3: 중앙대 | AA3: 경희대 | AE3: 한국외대 | AI3: 서울시립대 | AM3: 건국대 | AQ3: 동국대 | AU3: 숙명여대 | AY3: 숭실대 | BC3: 세종대 | BG3: 이화여대 | BK3: 광운대 | BO3: 가톨 의약 | BQ3: 가톨 간호 | BU3: 아주대 | BY3: 인하 자연 | CA3: 인하 통합 | CC3: 한양대에리카 | CG3: 고려대세종 | CK3: 동의대 | CO3: 연세대미래 | CS3: 차의과대 | CW3: 경북대 | DA3: 전북대
B4: 백분위 | C4: 1사 | D4: 1과 | E4: 2사 | F4: 2과 | G4: 3사 | H4: 3과 | I4: 4사 | J4: 4과 | K4: 5사 | L4: 5과 | M4: 6사 | N4: 6과 | O4: 7사 | P4: 7과 | Q4: 8사 | R4: 8과 | S4: 9사 | T4: 9과 | U4: 10사 | V4: 10과 | W4: 11사 | X4: 11과 | Y4: 12사 | Z4: 12과 | AA4: 13사 | AB4: 13과 | AC4: 14사 | AD4: 14과 | AE4: 15사 | AF4: 15과 | AG4: 16사 | AH4: 16과 | AI4: 17사 | AJ4: 17과 | AK4: 18사 | AL4: 18과 | AM4: 19사 | AN4: 19과 | AO4: 20사 | AP4: 20과 | AQ4: 21사 | AR4: 21과 | AS4: 22사 | AT4: 22과 | AU4: 23사 | AV4: 23과 | AW4: 24사 | AX4: 24과 | AY4: 25사 | AZ4: 25과 | BA4: 26사 | BB4: 26과 | BC4: 27사 | BD4: 27과 | BE4: 28사 | BF4: 28과 | BG4: 29사 | BH4: 29과 | BI4: 30사 | BJ4: 30과 | BK4: 31사 | BL4: 31과 | BM4: 32사 | BN4: 32과 | BO4: 33사 | BP4: 33과 | BQ4: 34사 | BR4: 34과 | BS4: 35사 | BT4: 35과 | BU4: 36사 | BV4: 36과 | BW4: 37사 | BX4: 37과 | BY4: 38사 | BZ4: 38과 | CA4: 39사 | CB4: 39과 | CC4: 40사 | CD4: 40과 | CE4: 41사 | CF4: 41과 | CG4: 42사 | CH4: 42과 | CI4: 43사 | CJ4: 43과 | CK4: 44사 | CL4: 44과 | CM4: 45사 | CN4: 45과 | CO4: 46사 | CP4: 46과 | CQ4: 47사 | CR4: 47과 | CS4: 48사 | CT4: 48과 | CU4: 49사 | CV4: 49과 | CW4: 50사 | CX4: 50과 | CY4: 51사 | CZ4: 51과 | DA4: 52사 | DB4: 52과 | DC4: 53사 | DD4: 53과 | DE4: 54사 | DF4: 54과 | DG4: 55사 | DH4: 55과 | DI4: 56사 | DJ4: 56과 | DK4: 57사 | DL4: 57과 | DM4: 58사 | DN4: 58과
B5: 100 | C5: 70.12 | D5: 70.12 | G5: 70 | H5: 70.12 | I5: 70.13 | J5: 70.13 | K5: 69.89 | L5: 69.89 | M5: 70.13 | N5: 70.13 | O5: 68.73 | P5: 68.73 | S5: 70 | T5: 70 | W5: 70 | X5: 70 | AA5: 70 | AB5: 70 | AE5: 70 | AF5: 70 | AI5: 69.89 | AJ5: 70.13 | AM5: 70 | AN5: 70 | AQ5: 70 | AR5: 70 | AU5: 70 | AV5: 70 | AY5: 70 | AZ5: 70 | BC5: 70.12 | BD5: 70.12 | BG5: 69.89 | BH5: 70.13 | BK5: 70 | BL5: 70 | BO5: 70.13 | BP5: 70.13 | BQ5: 70 | BR5: 70 | BU5: 69.64 | BV5: 70.06 | BY5: 72.29 | BZ5: 72.29 | CA5: 69.96 | CB5: 69.96 | CC5: 70 | CD5: 70 | CG5: 70 | CH5: 70.12 | CK5: 70.12 | CL5: 70.12 | CO5: 70 | CP5: 70 | CS5: 69.87 | CT5: 69.87 | CW5: 69.89 | CX5: 70.13 | DA5: 69.889 | DB5: 70.125
B6: 99 | C6: 69.13 | D6: 69.13 | G6: 69.07 | H6: 69.37 | I6: 69.79 | J6: 69.79 | K6: 69.40 | L6: 69.40 | M6: 69.81 | N6: 69.81 | O6: 68.14 | P6: 68.14 | S6: 69.39 | T6: 69.39 | W6: 69.4 | X6: 69.4 | AA6: 69.08 | AB6: 69.08 | AE6: 69.81 | AF6: 69.81 | AI6: 68.45 | AJ6: 68.84 | AM6: 69.07 | AN6: 69.07 | AQ6: 69.08 | AR6: 69.08 | AU6: 69.07 | AV6: 69.07 | AY6: 69.08 | AZ6: 69.08 | BC6: 69.18 | BD6: 69.18 | BG6: 68.81 | BH6: 69.38 | BK6: 69.08 | BL6: 69.08 | BO6: 69.38 | BP6: 69.38 | BQ6: 69.08 | BR6: 69.08 | BU6: 68.7 | BV6: 69.38 | BY6: 71 | BZ6: 71 | CA6: 68.82 | CB6: 68.82 | CC6: 69.08 | CD6: 69.08 | CG6: 69.07 | CH6: 69.37 | CK6: 69.18 | CL6: 69.18 | CO6: 68.78 | CP6: 68.78 | CS6: 69.12 | CT6: 69.12 | CW6: 68.81 | CX6: 69.38 | DA6: 68.815 | DB6: 69.375
B7: 98 | C7: 68.09 | D7: 68.09 | G7: 68.09 | H7: 68.54 | I7: 69.41 | J7: 69.41 | K7: 68.90 | L7: 68.90 | M7: 69.45 | N7: 69.45 | O7: 67.68 | P7: 67.68 | S7: 68.73 | T7: 68.73 | W7: 68.84 | X7: 68.84 | AA7: 68.1 | AB7: 68.1 | AE7: 69.4 | AF7: 69.4 | AI7: 67.35 | AJ7: 67.92 | AM7: 68.09 | AN7: 68.09 | AQ7: 68.1 | AR7: 68.1 | AU7: 68.09 | AV7: 68.09 | AY7: 68.1 | AZ7: 68.1 | BC7: 68.09 | BD7: 68.09 | BG7: 67.7 | BH7: 68.54 | BK7: 68.1 | BL7: 68.1 | BO7: 68.54 | BP7: 68.54 | BQ7: 68.1 | BR7: 68.1 | BU7: 67.7 | BV7: 68.48 | BY7: 69.75 | BZ7: 69.75 | CA7: 67.89 | CB7: 67.89 | CC7: 68.1 | CD7: 68.1 | CG7: 68.09 | CH7: 68.54 | CK7: 68.09 | CL7: 68.09 | CO7: 68.1 | CP7: 68.1 | CS7: 68.06 | CT7: 68.06 | CW7: 67.7 | CX7: 68.54 | DA7: 67.704 | DB7: 68.542
B8: 97 | C8: 67.36 | D8: 67.36 | G8: 67.36 | H8: 67.77 | I8: 69.07 | J8: 69.07 | K8: 68.59 | L8: 68.59 | M8: 69.12 | N8: 69.12 | O8: 67.11 | P8: 67.11 | S8: 68.24 | T8: 68.24 | W8: 68.32 | X8: 68.32 | AA8: 67.36 | AB8: 67.36 | AE8: 69.02 | AF8: 69.02 | AI8: 66.65 | AJ8: 67.13 | AM8: 67.36 | AN8: 67.36 | AQ8: 67.36 | AR8: 67.36 | AU8: 67.36 | AV8: 67.36 | AY8: 67.36 | AZ8: 67.36 | BC8: 67.36 | BD8: 67.36 | BG8: 67 | BH8: 67.77 | BK8: 67.36 | BL8: 67.36 | BO8: 67.77 | BP8: 67.77 | BQ8: 67.36 | BR8: 67.36 | BU8: 67 | BV8: 67.71 | BY8: 68.63 | BZ8: 68.63 | CA8: 67.13 | CB8: 67.13 | CC8: 67.36 | CD8: 67.36 | CG8: 67.36 | CH8: 67.77 | CK8: 67.36 | CL8: 67.36 | CO8: 67.36 | CP8: 67.36 | CS8: 67.39 | CT8: 67.39 | CW8: 67 | CX8: 67.77 | DA8: 67 | DB8: 67.771
B9: 96 | C9: 66.76 | D9: 66.76 | G9: 66.69 | H9: 66.96 | I9: 68.71 | J9: 68.71 | K9: 68.34 | L9: 68.34 | M9: 68.77 | N9: 68.77 | O9: 66.63 | P9: 66.63 | S9: 67.79 | T9: 67.79 | W9: 67.81 | X9: 67.81 | AA9: 66.69 | AB9: 66.69 | AE9: 68.59 | AF9: 68.59 | AI9: 66.1 | AJ9: 66.33 | AM9: 66.69 | AN9: 66.69 | AQ9: 66.69 | AR9: 66.69 | AU9: 66.69 | AV9: 66.69 | AY9: 66.69 | AZ9: 66.69 | BC9: 66.76 | BD9: 66.76 | BG9: 66.44 | BH9: 66.97 | BK9: 66.69 | BL9: 66.69 | BO9: 66.97 | BP9: 66.97 | BQ9: 66.69 | BR9: 66.69 | BU9: 66.44 | BV9: 66.91 | BY9: 68.06 | BZ9: 68.06 | CA9: 66.63 | CB9: 66.63 | CC9: 66.69 | CD9: 66.69 | CG9: 66.69 | CH9: 66.96 | CK9: 66.76 | CL9: 66.76 | CO9: 66.69 | CP9: 66.69 | CS9: 66.85 | CT9: 66.85 | CW9: 66.44 | CX9: 66.97 | DA9: 66.444 | DB9: 66.969
B10: 95 | C10: 66.16 | D10: 66.16 | G10: 66.04 | H10: 66.25 | I10: 68.38 | J10: 68.38 | K10: 68.08 | L10: 68.08 | M10: 68.46 | N10: 68.46 | O10: 66.02 | P10: 66.02 | S10: 67.37 | T10: 67.37 | W10: 67.25 | X10: 67.25 | AA10: 66.05 | AB10: 66.05 | AE10: 68.25 | AF10: 68.25 | AI10: 65.52 | AJ10: 65.62 | AM10: 66.04 | AN10: 66.04 | AQ10: 66.05 | AR10: 66.05 | AU10: 66.04 | AV10: 66.04 | AY10: 66.05 | AZ10: 66.05 | BC10: 66.16 | BD10: 66.16 | BG10: 65.87 | BH10: 66.25 | BK10: 66.05 | BL10: 66.05 | BO10: 66.25 | BP10: 66.25 | BQ10: 66.05 | BR10: 66.05 | BU10: 65.87 | BV10: 66.22 | BY10: 67.31 | BZ10: 67.31 | CA10: 66 | CB10: 66 | CC10: 66.05 | CD10: 66.05 | CG10: 66.04 | CH10: 66.25 | CK10: 66.16 | CL10: 66.16 | CO10: 66.05 | CP10: 66.05 | CS10: 66.2 | CT10: 66.2 | CW10: 65.87 | CX10: 66.25 | DA10: 65.87 | DB10: 66.25
B11: 94 | C11: 65.66 | D11: 65.66 | G11: 65.51 | H11: 65.65 | I11: 68.12 | J11: 68.12 | K11: 67.87 | L11: 67.87 | M11: 68.21 | N11: 68.21 | O11: 65.79 | P11: 65.79 | S11: 67.01 | T11: 67.01 | W11: 66.9 | X11: 66.9 | AA11: 65.51 | AB11: 65.51 | AE11: 67.85 | AF11: 67.85 | AI11: 65.05 | AJ11: 65.03 | AM11: 65.51 | AN11: 65.51 | AQ11: 65.52 | AR11: 65.52 | AU11: 65.51 | AV11: 65.51 | AY11: 65.52 | AZ11: 65.52 | BC11: 65.66 | BD11: 65.66 | BG11: 65.39 | BH11: 65.66 | BK11: 65.51 | BL11: 65.51 | BO11: 65.66 | BP11: 65.66 | BQ11: 65.52 | BR11: 65.52 | BU11: 65.39 | BV11: 65.66 | BY11: 66.63 | BZ11: 66.63 | CA11: 65.51 | CB11: 65.51 | CC11: 65.52 | CD11: 65.52 | CG11: 65.51 | CH11: 65.65 | CK11: 65.66 | CL11: 65.66 | CO11: 65.52 | CP11: 65.52 | CS11: 65.78 | CT11: 65.78 | CW11: 65.39 | CX11: 65.66 | DA11: 65.389 | DB11: 65.656
B12: 93 | C12: 65.19 | D12: 65.19 | G12: 65.06 | H12: 65.17 | I12: 67.90 | J12: 67.90 | K12: 67.53 | L12: 67.53 | M12: 68.00 | N12: 68.00 | O12: 65.52 | P12: 65.52 | S12: 66.71 | T12: 66.71 | W12: 66.5 | X12: 66.5 | AA12: 65.07 | AB12: 65.07 | AE12: 67.26 | AF12: 67.26 | AI12: 64.63 | AJ12: 64.56 | AM12: 65.06 | AN12: 65.06 | AQ12: 65.07 | AR12: 65.07 | AU12: 65.06 | AV12: 65.06 | AY12: 65.07 | AZ12: 65.07 | BC12: 65.19 | BD12: 65.19 | BG12: 64.97 | BH12: 65.18 | BK12: 65.07 | BL12: 65.07 | BO12: 65.18 | BP12: 65.18 | BQ12: 65.07 | BR12: 65.07 | BU12: 64.97 | BV12: 65.18 | BY12: 66.25 | BZ12: 66.25 | CA12: 65.19 | CB12: 65.19 | CC12: 65.07 | CD12: 65.07 | CG12: 65.06 | CH12: 65.17 | CK12: 65.19 | CL12: 65.19 | CO12: 65.07 | CP12: 65.07 | CS12: 65.35 | CT12: 65.35 | CW12: 64.97 | CX12: 65.18 | DA12: 64.972 | DB12: 65.177
B13: 92 | C13: 64.74 | D13: 64.74 | G13: 64.53 | H13: 64.7 | I13: 67.69 | J13: 67.69 | K13: 67.27 | L13: 67.27 | M13: 67.80 | N13: 67.80 | O13: 65.33 | P13: 65.33 | S13: 66.36 | T13: 66.36 | W13: 66.12 | X13: 66.12 | AA13: 64.54 | AB13: 64.54 | AE13: 67.01 | AF13: 67.01 | AI13: 64.05 | AJ13: 64.09 | AM13: 64.53 | AN13: 64.53 | AQ13: 64.54 | AR13: 64.54 | AU13: 64.53 | AV13: 64.53 | AY13: 64.54 | AZ13: 64.54 | BC13: 64.74 | BD13: 64.74 | BG13: 64.39 | BH13: 64.71 | BK13: 64.54 | BL13: 64.54 | BO13: 64.71 | BP13: 64.71 | BQ13: 64.54 | BR13: 64.54 | BU13: 64.39 | BV13: 64.71 | BY13: 65.36 | BZ13: 65.36 | CA13: 64.59 | CB13: 64.59 | CC13: 64.54 | CD13: 64.54 | CG13: 64.53 | CH13: 64.7 | CK13: 64.74 | CL13: 64.74 | CO13: 64.54 | CP13: 64.54 | CS13: 64.86 | CT13: 64.86 | CW13: 64.39 | CX13: 64.71 | DA13: 64.389 | DB13: 64.708
B14: 91 | C14: 64.35 | D14: 64.35 | G14: 64.17 | H14: 64.33 | I14: 67.38 | J14: 67.38 | K14: 66.99 | L14: 66.99 | M14: 67.50 | N14: 67.50 | O14: 65.02 | P14: 65.02 | S14: 66.12 | T14: 66.12 | W14: 65.84 | X14: 65.84 | AA14: 64.18 | AB14: 64.18 | AE14: 66.54 | AF14: 66.54 | AI14: 63.7 | AJ14: 63.72 | AM14: 64.17 | AN14: 64.17 | AQ14: 64.18 | AR14: 64.18 | AU14: 64.17 | AV14: 64.17 | AY14: 64.18 | AZ14: 64.18 | BC14: 64.35 | BD14: 64.35 | BG14: 64.04 | BH14: 64.33 | BK14: 64.18 | BL14: 64.18 | BO14: 64.33 | BP14: 64.33 | BQ14: 64.18 | BR14: 64.18 | BU14: 64.04 | BV14: 64.33 | BY14: 64.79 | BZ14: 64.79 | CA14: 64.18 | CB14: 64.18 | CC14: 64.18 | CD14: 64.18 | CG14: 64.17 | CH14: 64.33 | CK14: 64.35 | CL14: 64.35 | CO14: 64.18 | CP14: 64.18 | CS14: 64.46 | CT14: 64.46 | CW14: 64.04 | CX14: 64.33 | DA14: 64.037 | DB14: 64.333
B15: 90 | C15: 63.97 | D15: 63.97 | G15: 63.82 | H15: 63.97 | I15: 67.09 | J15: 67.09 | K15: 66.70 | L15: 66.70 | M15: 67.23 | N15: 67.23 | O15: 64.77 | P15: 64.77 | S15: 65.88 | T15: 65.88 | W15: 65.55 | X15: 65.55 | AA15: 63.82 | AB15: 63.82 | AE15: 66.33 | AF15: 66.33 | AI15: 63.35 | AJ15: 63.37 | AM15: 63.82 | AN15: 63.82 | AQ15: 63.82 | AR15: 63.82 | AU15: 63.82 | AV15: 63.82 | AY15: 63.82 | AZ15: 63.82 | BC15: 63.97 | BD15: 63.97 | BG15: 63.68 | BH15: 63.98 | BK15: 63.82 | BL15: 63.82 | BO15: 63.98 | BP15: 63.98 | BQ15: 63.82 | BR15: 63.82 | BU15: 63.69 | BV15: 63.98 | BY15: 64.34 | BZ15: 64.34 | CA15: 63.78 | CB15: 63.78 | CC15: 63.82 | CD15: 63.82 | CG15: 63.82 | CH15: 63.97 | CK15: 63.97 | CL15: 63.97 | CO15: 63.82 | CP15: 63.82 | CS15: 64.08 | CT15: 64.08 | CW15: 63.69 | CX15: 63.98 | DA15: 63.685 | DB15: 63.979
B16: 89 | C16: 63.57 | D16: 63.57 | G16: 63.43 | H16: 63.48 | I16: 66.87 | J16: 66.87 | K16: 66.47 | L16: 66.47 | M16: 67.02 | N16: 67.02 | O16: 64.53 | P16: 64.53 | S16: 65.62 | T16: 65.62 | W16: 65.3 | X16: 65.3 | AA16: 63.43 | AB16: 63.43 | AE16: 65.66 | AF16: 65.66 | AI16: 63.06 | AJ16: 62.88 | AM16: 63.43 | AN16: 63.43 | AQ16: 63.43 | AR16: 63.43 | AU16: 63.43 | AV16: 63.43 | AY16: 63.43 | AZ16: 63.43 | BC16: 63.57 | BD16: 63.57 | BG16: 63.39 | BH16: 63.49 | BK16: 63.43 | BL16: 63.43 | BO16: 63.49 | BP16: 63.49 | BQ16: 63.43 | BR16: 63.43 | BU16: 63.39 | BV16: 63.49 | BY16: 63.89 | BZ16: 63.89 | CA16: 63.4 | CB16: 63.4 | CC16: 63.43 | CD16: 63.43 | CG16: 63.43 | CH16: 63.48 | CK16: 63.57 | CL16: 63.57 | CO16: 63.43 | CP16: 63.43 | CS16: 63.67 | CT16: 63.67 | CW16: 63.39 | CX16: 63.49 | DA16: 63.389 | DB16: 63.485
... B75: 30 | C75: 42.71 | D75: 42.71 | G75: 42.86 | H75: 42.97 | I75: 46.65 | J75: 46.65 | K75: 46.65 | L75: 46.65 | M75: 47.14 | N75: 47.14 | O75: 43.3 | P75: 43.3 | S75: 51.91 | T75: 51.91 | W75: 44.83 | X75: 44.83 | AA75: 42.87 | AB75: 42.87 | AE75: 41.69 | AF75: 41.69 | AI75: 42.55 | AJ75: 42.56 | AM75: 42.86 | AN75: 42.86 | AQ75: 42.87 | AR75: 42.87 | AU75: 42.86 | AV75: 42.86 | AY75: 42.87 | AZ75: 42.87 | BC75: 42.71 | BD75: 42.71 | BG75: 42.77 | BH75: 42.97 | BK75: 42.87 | BL75: 42.87 | BO75: 42.97 | BP75: 42.97 | BQ75: 42.87 | BR75: 42.87 | BU75: 42.77 | BV75: 42.97 | BY75: 43.22 | BZ75: 43.22 | CA75: 42.93 | CB75: 42.93 | CC75: 42.87 | CD75: 42.87 | CG75: 42.86 | CH75: 42.97 | CK75: 42.71 | CL75: 42.71 | CO75: 42.87 | CP75: 42.87 | CS75: 42.68 | CT75: 42.68 | CW75: 42.77 | CX75: 42.97 | DA75: 42.772 | DB75: 42.971
B76: 29 | C76: 42.47 | D76: 42.47 | G76: 42.56 | H76: 42.65 | I76: 46.30 | J76: 46.30 | K76: 45.88 | L76: 45.88 | M76: 46.79 | N76: 46.79 | O76: 42.99 | P76: 42.99 | S76: 51.71 | T76: 51.71 | W76: 44.52 | X76: 44.52 | AA76: 42.56 | AB76: 42.56 | AE76: 41.22 | AF76: 41.22 | AI76: 42.26 | AJ76: 42.24 | AM76: 42.56 | AN76: 42.56 | AQ76: 42.56 | AR76: 42.56 | AU76: 42.56 | AV76: 42.56 | AY76: 42.56 | AZ76: 42.56 | BC76: 42.47 | BD76: 42.47 | BG76: 42.49 | BH76: 42.65 | BK76: 42.56 | BL76: 42.56 | BO76: 42.65 | BP76: 42.65 | BQ76: 42.56 | BR76: 42.56 | BU76: 42.49 | BV76: 42.65 | CC76: 42.56 | CD76: 42.56 | CG76: 42.56 | CH76: 42.65 | CK76: 42.47 | CL76: 42.47 | CO76: 42.56 | CP76: 42.56 | CS76: 42.43 | CT76: 42.43 | CW76: 42.49 | CX76: 42.65 | DA76: 42.487 | DB76: 42.65
B77: 28 | C77: 42.24 | D77: 42.24 | G77: 42.27 | H77: 42.32 | I77: 45.95 | J77: 45.95 | K77: 45.58 | L77: 45.58 | M77: 46.43 | N77: 46.43 | O77: 42.69 | P77: 42.69 | S77: 51.51 | T77: 51.51 | W77: 44.23 | X77: 44.23 | AA77: 42.27 | AB77: 42.27 | AE77: 41.12 | AF77: 41.12 | AI77: 42 | AJ77: 41.93 | AM77: 42.27 | AN77: 42.27 | AQ77: 42.27 | AR77: 42.27 | AU77: 42.27 | AV77: 42.27 | AY77: 42.27 | AZ77: 42.27 | BC77: 42.24 | BD77: 42.24 | BG77: 42.22 | BH77: 42.33 | BK77: 42.27 | BL77: 42.27 | BO77: 42.33 | BP77: 42.33 | BQ77: 42.27 | BR77: 42.27 | BU77: 42.22 | BV77: 42.33 | CC77: 42.27 | CD77: 42.27 | CG77: 42.27 | CH77: 42.32 | CK77: 42.24 | CL77: 42.24 | CO77: 42.27 | CP77: 42.27 | CS77: 42.19 | CT77: 42.19 | CW77: 42.22 | CX77: 42.33 | DA77: 42.22 | DB77: 42.329
B78: 27 | C78: 41.99 | D78: 41.99 | G78: 41.98 | H78: 42.05 | I78: 45.64 | J78: 45.64 | K78: 45.27 | L78: 45.27 | M78: 46.13 | N78: 46.13 | O78: 42.41 | P78: 42.41 | S78: 51.33 | T78: 51.33 | W78: 43.95 | X78: 43.95 | AA78: 41.99 | AB78: 41.99 | AE78: 40.58 | AF78: 40.58 | AI78: 41.72 | AJ78: 41.65 | AM78: 41.98 | AN78: 41.98 | AQ78: 41.99 | AR78: 41.99 | AU78: 41.98 | AV78: 41.98 | AY78: 41.99 | AZ78: 41.99 | BC78: 41.99 | BD78: 41.99 | BG78: 41.94 | BH78: 42.05 | BK78: 41.99 | BL78: 41.99 | BO78: 42.05 | BP78: 42.05 | BQ78: 41.99 | BR78: 41.99 | BU78: 41.94 | BV78: 42.05 | CC78: 41.99 | CD78: 41.99 | CG78: 41.98 | CH78: 42.05 | CK78: 41.99 | CL78: 41.99 | CO78: 41.99 | CP78: 41.99 | CS78: 41.9 | CT78: 41.9 | CW78: 41.94 | CX78: 42.05 | DA78: 41.935 | DB78: 42.05
B79: 26 | C79: 41.71 | D79: 41.71 | G79: 41.7 | H79: 41.78 | I79: 45.35 | J79: 45.35 | K79: 44.93 | L79: 44.93 | M79: 45.83 | N79: 45.83 | O79: 42.12 | P79: 42.12 | S79: 51.13 | T79: 51.13 | W79: 43.66 | X79: 43.66 | AA79: 41.7 | AB79: 41.7 | AE79: 40.32 | AF79: 40.32 | AI79: 41.41 | AJ79: 41.38 | AM79: 41.7 | AN79: 41.7 | AQ79: 41.7 | AR79: 41.7 | AU79: 41.7 | AV79: 41.7 | AY79: 41.7 | AZ79: 41.7 | BC79: 41.71 | BD79: 41.71 | BG79: 41.63 | BH79: 41.78 | BK79: 41.7 | BL79: 41.7 | BO79: 41.78 | BP79: 41.78 | BQ79: 41.7 | BR79: 41.7 | BU79: 41.63 | BV79: 41.78 | CC79: 41.7 | CD79: 41.7 | CG79: 41.7 | CH79: 41.78 | CK79: 41.71 | CL79: 41.71 | CO79: 41.7 | CP79: 41.7 | CS79: 41.61 | CT79: 41.61 | CW79: 41.63 | CX79: 41.78 | DA79: 41.631 | DB79: 41.781
B80: 25 | C80: 41.42 | D80: 41.42 | G80: 41.41 | H80: 41.5 | I80: 45.04 | J80: 45.04 | K80: 44.60 | L80: 44.60 | M80: 45.52 | N80: 45.52 | O80: 41.82 | P80: 41.82 | S80: 50.94 | T80: 50.94 | W80: 43.37 | X80: 43.37 | AA80: 41.41 | AB80: 41.41 | AE80: 40.09 | AF80: 40.09 | AI80: 41.12 | AJ80: 41.11 | AM80: 41.41 | AN80: 41.41 | AQ80: 41.41 | AR80: 41.41 | AU80: 41.41 | AV80: 41.41 | AY80: 41.41 | AZ80: 41.41 | BC80: 41.42 | BD80: 41.42 | BG80: 41.33 | BH80: 41.5 | BK80: 41.41 | BL80: 41.41 | BO80: 41.5 | BP80: 41.5 | BQ80: 41.41 | BR80: 41.41 | BU80: 41.33 | BV80: 41.5 | CC80: 41.41 | CD80: 41.41 | CG80: 41.41 | CH80: 41.5 | CK80: 41.42 | CL80: 41.42 | CO80: 41.41 | CP80: 41.41 | CS80: 41.35 | CT80: 41.35 | CW80: 41.33 | CX80: 41.5 | DA80: 41.333 | DB80: 41.503
B81: 24 | C81: 41.13 | D81: 41.13 | G81: 41.11 | H81: 41.2 | I81: 44.71 | J81: 44.71 | K81: 44.28 | L81: 44.28 | M81: 45.19 | N81: 45.19 | O81: 41.53 | P81: 41.53 | S81: 50.75 | T81: 50.75 | W81: 43.08 | X81: 43.08 | AA81: 41.12 | AB81: 41.12 | AE81: 39.17 | AF81: 39.17 | AI81: 40.83 | AJ81: 40.81 | AM81: 41.11 | AN81: 41.11 | AQ81: 41.12 | AR81: 41.12 | AU81: 41.11 | AV81: 41.11 | AY81: 41.12 | AZ81: 41.12 | BC81: 41.13 | BD81: 41.13 | BG81: 41.04 | BH81: 41.2 | BK81: 41.12 | BL81: 41.12 | BO81: 41.2 | BP81: 41.2 | BQ81: 41.12 | BR81: 41.12 | BU81: 41.04 | BV81: 41.2 | CC81: 41.12 | CD81: 41.12 | CG81: 41.11 | CH81: 41.2 | CK81: 41.13 | CL81: 41.13 | CO81: 41.12 | CP81: 41.12 | CS81: 41.09 | CT81: 41.09 | CW81: 41.04 | CX81: 41.2 | DA81: 41.044 | DB81: 41.204
B82: 23 | C82: 40.85 | D82: 40.85 | G82: 40.83 | H82: 40.92 | I82: 44.40 | J82: 44.40 | K82: 43.96 | L82: 43.96 | M82: 44.88 | N82: 44.88 | O82: 41.24 | P82: 41.24 | S82: 50.55 | T82: 50.55 | W82: 42.79 | X82: 42.79 | AA82: 40.83 | AB82: 40.83 | AE82: 39.09 | AF82: 39.09 | AI82: 40.54 | AJ82: 40.53 | AM82: 40.83 | AN82: 40.83 | AQ82: 40.83 | AR82: 40.83 | AU82: 40.83 | AV82: 40.83 | AY82: 40.83 | AZ82: 40.83 | BC82: 40.85 | BD82: 40.85 | BG82: 40.75 | BH82: 40.92 | BK82: 40.83 | BL82: 40.83 | BO82: 40.92 | BP82: 40.92 | BQ82: 40.83 | BR82: 40.83 | BU82: 40.75 | BV82: 40.92 | CC82: 40.83 | CD82: 40.83 | CG82: 40.83 | CH82: 40.92 | CK82: 40.85 | CL82: 40.85 | CO82: 40.83 | CP82: 40.83 | CS82: 40.82 | CT82: 40.82 | CW82: 40.75 | CX82: 40.92 | DA82: 40.75 | DB82: 40.921
B83: 22 | C83: 40.58 | D83: 40.58 | G83: 40.56 | H83: 40.68 | I83: 44.14 | J83: 44.14 | K83: 43.66 | L83: 43.66 | M83: 44.62 | N83: 44.62 | O83: 40.98 | P83: 40.98 | S83: 50.38 | T83: 50.38 | W83: 42.53 | X83: 42.53 | AA83: 40.57 | AB83: 40.57 | AE83: 38.6 | AF83: 38.6 | AI83: 40.26 | AJ83: 40.29 | AM83: 40.56 | AN83: 40.56 | AQ83: 40.57 | AR83: 40.57 | AU83: 40.56 | AV83: 40.56 | AY83: 40.57 | AZ83: 40.57 | BC83: 40.58 | BD83: 40.58 | BG83: 40.47 | BH83: 40.68 | BK83: 40.57 | BL83: 40.57 | BO83: 40.68 | BP83: 40.68 | BQ83: 40.57 | BR83: 40.57 | BU83: 40.47 | BV83: 40.68 | CC83: 40.57 | CD83: 40.57 | CG83: 40.56 | CH83: 40.68 | CK83: 40.58 | CL83: 40.58 | CO83: 40.57 | CP83: 40.57 | CS83: 40.55 | CT83: 40.55 | CW83: 40.47 | CX83: 40.68 | DA83: 40.47 | DB83: 40.681
B84: 21 | C84: 40.31 | D84: 40.31 | G84: 40.29 | H84: 40.43 | I84: 43.87 | J84: 43.87 | K84: 43.33 | L84: 43.33 | M84: 44.36 | N84: 44.36 | O84: 40.7 | P84: 40.7 | S84: 50.2 | T84: 50.2 | W84: 42.26 | X84: 42.26 | AA84: 40.3 | AB84: 40.3 | AE84: 38.4 | AF84: 38.4 | AI84: 39.96 | AJ84: 40.06 | AM84: 40.29 | AN84: 40.29 | AQ84: 40.3 | AR84: 40.3 | AU84: 40.29 | AV84: 40.29 | AY84: 40.3 | AZ84: 40.3 | BC84: 40.31 | BD84: 40.31 | BG84: 40.17 | BH84: 40.44 | BK84: 40.3 | BL84: 40.3 | BO84: 40.44 | BP84: 40.44 | BQ84: 40.3 | BR84: 40.3 | BU84: 40.17 | BV84: 40.44 | CC84: 40.3 | CD84: 40.3 | CG84: 40.29 | CH84: 40.43 | CK84: 40.31 | CL84: 40.31 | CO84: 40.3 | CP84: 40.3 | CS84: 40.3 | CT84: 40.3 | CW84: 40.17 | CX84: 40.44 | DA84: 40.172 | DB84: 40.44
B85: 20 | C85: 40.05 | D85: 40.05 | G85: 40.04 | H85: 40.2 | I85: 43.61 | J85: 43.61 | K85: 43.03 | L85: 43.03 | M85: 44.09 | N85: 44.09 | O85: 40.44 | P85: 40.44 | S85: 50.03 | T85: 50.03 | W85: 42 | X85: 42 | AA85: 40.04 | AB85: 40.04 | AE85: 37.88 | AF85: 37.88 | AI85: 39.69 | AJ85: 39.82 | AM85: 40.04 | AN85: 40.04 | AQ85: 40.04 | AR85: 40.04 | AU85: 40.04 | AV85: 40.04 | AY85: 40.04 | AZ85: 40.04 | BC85: 40.05 | BD85: 40.05 | BG85: 39.9 | BH85: 40.2 | BK85: 40.04 | BL85: 40.04 | BO85: 40.2 | BP85: 40.2 | BQ85: 40.04 | BR85: 40.04 | BU85: 39.9 | BV85: 40.2 | CC85: 40.04 | CD85: 40.04 | CG85: 40.04 | CH85: 40.2 | CK85: 40.05 | CL85: 40.05 | CO85: 40.04 | CP85: 40.04 | CS85: 40.03 | CT85: 40.03 | CW85: 39.9 | CX85: 40.2 | DA85: 39.898 | DB85: 40.202
B86: 19 | C86: 39.78 | D86: 39.78 | G86: 39.79 | H86: 39.96 | I86: 43.34 | J86: 43.34 | K86: 42.75 | L86: 42.75 | M86: 43.83 | N86: 43.83 | O86: 40.2 | P86: 40.2 | S86: 49.86 | T86: 49.86 | W86: 41.76 | X86: 41.76 | AA86: 39.8 | AB86: 39.8 | AE86: 37.51 | AF86: 37.51 | AI86: 39.44 | AJ86: 39.58 | AM86: 39.79 | AN86: 39.79 | AQ86: 39.8 | AR86: 39.8 | AU86: 39.79 | AV86: 39.79 | AY86: 39.8 | AZ86: 39.8 | BC86: 39.78 | BD86: 39.78 | BG86: 39.65 | BH86: 39.96 | BK86: 39.8 | BL86: 39.8 | BO86: 39.96 | BP86: 39.96 | BQ86: 39.8 | BR86: 39.8 | BU86: 39.65 | BV86: 39.96 | CC86: 39.8 | CD86: 39.8 | CG86: 39.79 | CH86: 39.96 | CK86: 39.78 | CL86: 39.78 | CO86: 39.8 | CP86: 39.8 | CS86: 39.75 | CT86: 39.75 | CW86: 39.65 | CX86: 39.96 | DA86: 39.648 | DB86: 39.964
B87: 18 | C87: 39.52 | D87: 39.52 | G87: 39.53 | H87: 39.68 | I87: 43.05 | J87: 43.05 | K87: 42.48 | L87: 42.48 | M87: 43.53 | N87: 43.53 | O87: 39.94 | P87: 39.94 | S87: 49.69 | T87: 49.69 | W87: 41.5 | X87: 41.5 | AA87: 39.54 | AB87: 39.54 | AE87: 37.1 | AF87: 37.1 | AI87: 39.19 | AJ87: 39.31 | AM87: 39.53 | AN87: 39.53 | AQ87: 39.54 | AR87: 39.54 | AU87: 39.53 | AV87: 39.53 | AY87: 39.54 | AZ87: 39.54 | BC87: 39.52 | BD87: 39.52 | BG87: 39.4 | BH87: 39.69 | BK87: 39.54 | BL87: 39.54 | BO87: 39.69 | BP87: 39.69 | BQ87: 39.54 | BR87: 39.54 | BU87: 39.4 | BV87: 39.69 | CC87: 39.54 | CD87: 39.54 | CG87: 39.53 | CH87: 39.68 | CK87: 39.52 | CL87: 39.52 | CO87: 39.54 | CP87: 39.54 | CS87: 39.49 | CT87: 39.49 | CW87: 39.4 | CX87: 39.69 | DA87: 39.398 | DB87: 39.689
... B95: 10 | C95: 37.32 | D95: 37.32 | G95: 37.23 | H95: 37.34 | I95: 40.47 | J95: 40.47 | K95: 39.98 | L95: 39.98 | M95: 40.96 | N95: 40.96 | O95: 37.6 | P95: 37.6 | S95: 48.15 | T95: 48.15 | W95: 39.19 | X95: 39.19 | AA95: 37.23 | AB95: 37.23 | AE95: 33.69 | AF95: 33.69 | AI95: 36.94 | AJ95: 36.99 | AM95: 37.23 | AN95: 37.23 | AQ95: 37.23 | AR95: 37.23 | AU95: 37.23 | AV95: 37.23 | AY95: 37.23 | AZ95: 37.23 | BC95: 37.32 | BD95: 37.32 | BG95: 37.13 | BH95: 37.37 | BK95: 37.23 | BL95: 37.23 | BO95: 37.35 | BP95: 37.35 | BQ95: 37.23 | BR95: 37.23 | BU95: 37.13 | BV95: 37.35 | CC95: 37.23 | CD95: 37.23 | CG95: 37.23 | CH95: 37.34 | CK95: 37.32 | CL95: 37.32 | CO95: 37.23 | CP95: 37.23 | CS95: 37.42 | CT95: 37.42 | CW95: 37.13 | CX95: 37.35 | DA95: 37.13 | DB95: 37.348
H113: =MATCH(H$116,변환표준점수!$B$5:$B$110,0) -> #N/A | I113: =MATCH(I$116,변환표준점수!$B$5:$B$110,0) -> #N/A | J113: =MATCH(J$116,변환표준점수!$B$5:$B$110,0) -> #N/A | K113: =MATCH(K$116,변환표준점수!$B$5:$B$110,0) -> #N/A
H114: 변표테이블 row
H115: 과1 백분 | I115: 과2 백분 | J115: 사1 백분 | K115: 사2 백분
H116: =환산공식!EH6 -> 0 | I116: =환산공식!EI6 -> 0 | J116: =환산공식!EJ6 -> 0 | K116: =환산공식!EK6 -> 0
B117: 변표 출력 | H117: 과 | I117: 과 | J117: 사 | K117: 사 | L117: 변표테이블 column
B118: 코드 | C118: 과탐 최고점 | D118: 사탐 최고점 | E118: 주요대학 | F118: 탐구1 점수 | G118: 탐구2 점수 | H118: 과1 점수 | I118: 과2 점수 | J118: 사1 점수 | K118: 사2 점수 | L118: =H118 -> 과1 점수 | M118: =I118 -> 과2 점수 | N118: =J118 -> 사1 점수 | O118: =K118 -> 사2 점수
B119: 1 | C119: =OFFSET($C$5,0,M119-1,1,1)+0 -> 70.12 | D119: =OFFSET($C$5,0,N119-1,1,1)+0 -> 70.12 | E119: 디폴트 | F119: =LARGE(H119:K119,1) -> 0 | G119: =LARGE(H119:K119,2) -> 0 | H119: =IFERROR(OFFSET($C$5,H$113-1,L119-1)+0,0) -> 0 | I119: =IFERROR(OFFSET($C$5,I$113-1,M119-1)+0,0) -> 0 | J119: =IFERROR(OFFSET($C$5,J$113-1,N119-1)+0,0) -> 0 | K119: =IFERROR(OFFSET($C$5,K$113-1,O119-1)+0,0) -> 0 | L119: =MATCH(_xlfn.CONCAT($B119,H$117),변환표준점수!$C$4:$ZZ$4,0) -> 2 | M119: =MATCH(_xlfn.CONCAT($B119,I$117),변환표준점수!$C$4:$ZZ$4,0) -> 2 | N119: =MATCH(_xlfn.CONCAT($B119,J$117),변환표준점수!$C$4:$ZZ$4,0) -> 1 | O119: =MATCH(_xlfn.CONCAT($B119,K$117),변환표준점수!$C$4:$ZZ$4,0) -> 1
B120: 2 | C120: =OFFSET($C$5,0,M120-1,1,1)+0 -> 0 | D120: =OFFSET($C$5,0,N120-1,1,1)+0 -> 0 | F120: =LARGE(H120:K120,1) -> 0 | G120: =LARGE(H120:K120,2) -> 0 | H120: =IFERROR(OFFSET($C$5,H$113-1,L120-1)+0,0) -> 0 | I120: =IFERROR(OFFSET($C$5,I$113-1,M120-1)+0,0) -> 0 | J120: =IFERROR(OFFSET($C$5,J$113-1,N120-1)+0,0) -> 0 | K120: =IFERROR(OFFSET($C$5,K$113-1,O120-1)+0,0) -> 0 | L120: =MATCH(_xlfn.CONCAT($B120,H$117),변환표준점수!$C$4:$ZZ$4,0) -> 4 | M120: =MATCH(_xlfn.CONCAT($B120,I$117),변환표준점수!$C$4:$ZZ$4,0) -> 4 | N120: =MATCH(_xlfn.CONCAT($B120,J$117),변환표준점수!$C$4:$ZZ$4,0) -> 3 | O120: =MATCH(_xlfn.CONCAT($B120,K$117),변환표준점수!$C$4:$ZZ$4,0) -> 3
B121: 3 | C121: =OFFSET($C$5,0,M121-1,1,1)+0 -> 70.12 | D121: =OFFSET($C$5,0,N121-1,1,1)+0 -> 70 | F121: =LARGE(H121:K121,1) -> 0 | G121: =LARGE(H121:K121,2) -> 0 | H121: =IFERROR(OFFSET($C$5,H$113-1,L121-1)+0,0) -> 0 | I121: =IFERROR(OFFSET($C$5,I$113-1,M121-1)+0,0) -> 0 | J121: =IFERROR(OFFSET($C$5,J$113-1,N121-1)+0,0) -> 0 | K121: =IFERROR(OFFSET($C$5,K$113-1,O121-1)+0,0) -> 0 | L121: =MATCH(_xlfn.CONCAT($B121,H$117),변환표준점수!$C$4:$ZZ$4,0) -> 6 | M121: =MATCH(_xlfn.CONCAT($B121,I$117),변환표준점수!$C$4:$ZZ$4,0) -> 6 | N121: =MATCH(_xlfn.CONCAT($B121,J$117),변환표준점수!$C$4:$ZZ$4,0) -> 5 | O121: =MATCH(_xlfn.CONCAT($B121,K$117),변환표준점수!$C$4:$ZZ$4,0) -> 5
B122: 4 | C122: =OFFSET($C$5,0,M122-1,1,1)+0 -> 70.13 | D122: =OFFSET($C$5,0,N122-1,1,1)+0 -> 70.13 | F122: =LARGE(H122:K122,1) -> 0 | G122: =LARGE(H122:K122,2) -> 0 | H122: =IFERROR(OFFSET($C$5,H$113-1,L122-1)+0,0) -> 0 | I122: =IFERROR(OFFSET($C$5,I$113-1,M122-1)+0,0) -> 0 | J122: =IFERROR(OFFSET($C$5,J$113-1,N122-1)+0,0) -> 0 | K122: =IFERROR(OFFSET($C$5,K$113-1,O122-1)+0,0) -> 0 | L122: =MATCH(_xlfn.CONCAT($B122,H$117),변환표준점수!$C$4:$ZZ$4,0) -> 8 | M122: =MATCH(_xlfn.CONCAT($B122,I$117),변환표준점수!$C$4:$ZZ$4,0) -> 8 | N122: =MATCH(_xlfn.CONCAT($B122,J$117),변환표준점수!$C$4:$ZZ$4,0) -> 7 | O122: =MATCH(_xlfn.CONCAT($B122,K$117),변환표준점수!$C$4:$ZZ$4,0) -> 7
B123: 5 | C123: =OFFSET($C$5,0,M123-1,1,1)+0 -> 69.89 | D123: =OFFSET($C$5,0,N123-1,1,1)+0 -> 69.89 | F123: =LARGE(H123:K123,1) -> 0 | G123: =LARGE(H123:K123,2) -> 0 | H123: =IFERROR(OFFSET($C$5,H$113-1,L123-1)+0,0) -> 0 | I123: =IFERROR(OFFSET($C$5,I$113-1,M123-1)+0,0) -> 0 | J123: =IFERROR(OFFSET($C$5,J$113-1,N123-1)+0,0) -> 0 | K123: =IFERROR(OFFSET($C$5,K$113-1,O123-1)+0,0) -> 0 | L123: =MATCH(_xlfn.CONCAT($B123,H$117),변환표준점수!$C$4:$ZZ$4,0) -> 10 | M123: =MATCH(_xlfn.CONCAT($B123,I$117),변환표준점수!$C$4:$ZZ$4,0) -> 10 | N123: =MATCH(_xlfn.CONCAT($B123,J$117),변환표준점수!$C$4:$ZZ$4,0) -> 9 | O123: =MATCH(_xlfn.CONCAT($B123,K$117),변환표준점수!$C$4:$ZZ$4,0) -> 9
B124: 6 | C124: =OFFSET($C$5,0,M124-1,1,1)+0 -> 70.13 | D124: =OFFSET($C$5,0,N124-1,1,1)+0 -> 70.13 | F124: =LARGE(H124:K124,1) -> 0 | G124: =LARGE(H124:K124,2) -> 0 | H124: =IFERROR(OFFSET($C$5,H$113-1,L124-1)+0,0) -> 0 | I124: =IFERROR(OFFSET($C$5,I$113-1,M124-1)+0,0) -> 0 | J124: =IFERROR(OFFSET($C$5,J$113-1,N124-1)+0,0) -> 0 | K124: =IFERROR(OFFSET($C$5,K$113-1,O124-1)+0,0) -> 0 | L124: =MATCH(_xlfn.CONCAT($B124,H$117),변환표준점수!$C$4:$ZZ$4,0) -> 12 | M124: =MATCH(_xlfn.CONCAT($B124,I$117),변환표준점수!$C$4:$ZZ$4,0) -> 12 | N124: =MATCH(_xlfn.CONCAT($B124,J$117),변환표준점수!$C$4:$ZZ$4,0) -> 11 | O124: =MATCH(_xlfn.CONCAT($B124,K$117),변환표준점수!$C$4:$ZZ$4,0) -> 11
B125: 7 | C125: =OFFSET($C$5,0,M125-1,1,1)+0 -> 68.73 | D125: =OFFSET($C$5,0,N125-1,1,1)+0 -> 68.73 | F125: =LARGE(H125:K125,1) -> 0 | G125: =LARGE(H125:K125,2) -> 0 | H125: =IFERROR(OFFSET($C$5,H$113-1,L125-1)+0,0) -> 0 | I125: =IFERROR(OFFSET($C$5,I$113-1,M125-1)+0,0) -> 0 | J125: =IFERROR(OFFSET($C$5,J$113-1,N125-1)+0,0) -> 0 | K125: =IFERROR(OFFSET($C$5,K$113-1,O125-1)+0,0) -> 0 | L125: =MATCH(_xlfn.CONCAT($B125,H$117),변환표준점수!$C$4:$ZZ$4,0) -> 14 | M125: =MATCH(_xlfn.CONCAT($B125,I$117),변환표준점수!$C$4:$ZZ$4,0) -> 14 | N125: =MATCH(_xlfn.CONCAT($B125,J$117),변환표준점수!$C$4:$ZZ$4,0) -> 13 | O125: =MATCH(_xlfn.CONCAT($B125,K$117),변환표준점수!$C$4:$ZZ$4,0) -> 13
B126: 8 | C126: =OFFSET($C$5,0,M126-1,1,1)+0 -> 0 | D126: =OFFSET($C$5,0,N126-1,1,1)+0 -> 0 | F126: =LARGE(H126:K126,1) -> 0 | G126: =LARGE(H126:K126,2) -> 0 | H126: =IFERROR(OFFSET($C$5,H$113-1,L126-1)+0,0) -> 0 | I126: =IFERROR(OFFSET($C$5,I$113-1,M126-1)+0,0) -> 0 | J126: =IFERROR(OFFSET($C$5,J$113-1,N126-1)+0,0) -> 0 | K126: =IFERROR(OFFSET($C$5,K$113-1,O126-1)+0,0) -> 0 | L126: =MATCH(_xlfn.CONCAT($B126,H$117),변환표준점수!$C$4:$ZZ$4,0) -> 16 | M126: =MATCH(_xlfn.CONCAT($B126,I$117),변환표준점수!$C$4:$ZZ$4,0) -> 16 | N126: =MATCH(_xlfn.CONCAT($B126,J$117),변환표준점수!$C$4:$ZZ$4,0) -> 15 | O126: =MATCH(_xlfn.CONCAT($B126,K$117),변환표준점수!$C$4:$ZZ$4,0) -> 15
B127: 9 | C127: =OFFSET($C$5,0,M127-1,1,1)+0 -> 70 | D127: =OFFSET($C$5,0,N127-1,1,1)+0 -> 70 | F127: =LARGE(H127:K127,1) -> 0 | G127: =LARGE(H127:K127,2) -> 0 | H127: =IFERROR(OFFSET($C$5,H$113-1,L127-1)+0,0) -> 0 | I127: =IFERROR(OFFSET($C$5,I$113-1,M127-1)+0,0) -> 0 | J127: =IFERROR(OFFSET($C$5,J$113-1,N127-1)+0,0) -> 0 | K127: =IFERROR(OFFSET($C$5,K$113-1,O127-1)+0,0) -> 0 | L127: =MATCH(_xlfn.CONCAT($B127,H$117),변환표준점수!$C$4:$ZZ$4,0) -> 18 | M127: =MATCH(_xlfn.CONCAT($B127,I$117),변환표준점수!$C$4:$ZZ$4,0) -> 18 | N127: =MATCH(_xlfn.CONCAT($B127,J$117),변환표준점수!$C$4:$ZZ$4,0) -> 17 | O127: =MATCH(_xlfn.CONCAT($B127,K$117),변환표준점수!$C$4:$ZZ$4,0) -> 17
B128: 10 | C128: =OFFSET($C$5,0,M128-1,1,1)+0 -> 0 | D128: =OFFSET($C$5,0,N128-1,1,1)+0 -> 0 | F128: =LARGE(H128:K128,1) -> 0 | G128: =LARGE(H128:K128,2) -> 0 | H128: =IFERROR(OFFSET($C$5,H$113-1,L128-1)+0,0) -> 0 | I128: =IFERROR(OFFSET($C$5,I$113-1,M128-1)+0,0) -> 0 | J128: =IFERROR(OFFSET($C$5,J$113-1,N128-1)+0,0) -> 0 | K128: =IFERROR(OFFSET($C$5,K$113-1,O128-1)+0,0) -> 0 | L128: =MATCH(_xlfn.CONCAT($B128,H$117),변환표준점수!$C$4:$ZZ$4,0) -> 20 | M128: =MATCH(_xlfn.CONCAT($B128,I$117),변환표준점수!$C$4:$ZZ$4,0) -> 20 | N128: =MATCH(_xlfn.CONCAT($B128,J$117),변환표준점수!$C$4:$ZZ$4,0) -> 19 | O128: =MATCH(_xlfn.CONCAT($B128,K$117),변환표준점수!$C$4:$ZZ$4,0) -> 19
B129: 11 | C129: =OFFSET($C$5,0,M129-1,1,1)+0 -> 70 | D129: =OFFSET($C$5,0,N129-1,1,1)+0 -> 70 | F129: =LARGE(H129:K129,1) -> 0 | G129: =LARGE(H129:K129,2) -> 0 | H129: =IFERROR(OFFSET($C$5,H$113-1,L129-1)+0,0) -> 0 | I129: =IFERROR(OFFSET($C$5,I$113-1,M129-1)+0,0) -> 0 | J129: =IFERROR(OFFSET($C$5,J$113-1,N129-1)+0,0) -> 0 | K129: =IFERROR(OFFSET($C$5,K$113-1,O129-1)+0,0) -> 0 | L129: =MATCH(_xlfn.CONCAT($B129,H$117),변환표준점수!$C$4:$ZZ$4,0) -> 22 | M129: =MATCH(_xlfn.CONCAT($B129,I$117),변환표준점수!$C$4:$ZZ$4,0) -> 22 | N129: =MATCH(_xlfn.CONCAT($B129,J$117),변환표준점수!$C$4:$ZZ$4,0) -> 21 | O129: =MATCH(_xlfn.CONCAT($B129,K$117),변환표준점수!$C$4:$ZZ$4,0) -> 21
B130: 12 | C130: =OFFSET($C$5,0,M130-1,1,1)+0 -> 0 | D130: =OFFSET($C$5,0,N130-1,1,1)+0 -> 0 | F130: =LARGE(H130:K130,1) -> 0 | G130: =LARGE(H130:K130,2) -> 0 | H130: =IFERROR(OFFSET($C$5,H$113-1,L130-1)+0,0) -> 0 | I130: =IFERROR(OFFSET($C$5,I$113-1,M130-1)+0,0) -> 0 | J130: =IFERROR(OFFSET($C$5,J$113-1,N130-1)+0,0) -> 0 | K130: =IFERROR(OFFSET($C$5,K$113-1,O130-1)+0,0) -> 0 | L130: =MATCH(_xlfn.CONCAT($B130,H$117),변환표준점수!$C$4:$ZZ$4,0) -> 24 | M130: =MATCH(_xlfn.CONCAT($B130,I$117),변환표준점수!$C$4:$ZZ$4,0) -> 24 | N130: =MATCH(_xlfn.CONCAT($B130,J$117),변환표준점수!$C$4:$ZZ$4,0) -> 23 | O130: =MATCH(_xlfn.CONCAT($B130,K$117),변환표준점수!$C$4:$ZZ$4,0) -> 23
B131: 13 | C131: =OFFSET($C$5,0,M131-1,1,1)+0 -> 70 | D131: =OFFSET($C$5,0,N131-1,1,1)+0 -> 70 | F131: =LARGE(H131:K131,1) -> 0 | G131: =LARGE(H131:K131,2) -> 0 | H131: =IFERROR(OFFSET($C$5,H$113-1,L131-1)+0,0) -> 0 | I131: =IFERROR(OFFSET($C$5,I$113-1,M131-1)+0,0) -> 0 | J131: =IFERROR(OFFSET($C$5,J$113-1,N131-1)+0,0) -> 0 | K131: =IFERROR(OFFSET($C$5,K$113-1,O131-1)+0,0) -> 0 | L131: =MATCH(_xlfn.CONCAT($B131,H$117),변환표준점수!$C$4:$ZZ$4,0) -> 26 | M131: =MATCH(_xlfn.CONCAT($B131,I$117),변환표준점수!$C$4:$ZZ$4,0) -> 26 | N131: =MATCH(_xlfn.CONCAT($B131,J$117),변환표준점수!$C$4:$ZZ$4,0) -> 25 | O131: =MATCH(_xlfn.CONCAT($B131,K$117),변환표준점수!$C$4:$ZZ$4,0) -> 25
... B198: 80 | C198: =OFFSET($C$5,0,M198-1,1,1)+0 -> #N/A | D198: =OFFSET($C$5,0,N198-1,1,1)+0 -> #N/A | F198: =LARGE(H198:K198,1) -> 0 | G198: =LARGE(H198:K198,2) -> 0 | H198: =IFERROR(OFFSET($C$5,H$113-1,L198-1)+0,0) -> 0 | I198: =IFERROR(OFFSET($C$5,I$113-1,M198-1)+0,0) -> 0 | J198: =IFERROR(OFFSET($C$5,J$113-1,N198-1)+0,0) -> 0 | K198: =IFERROR(OFFSET($C$5,K$113-1,O198-1)+0,0) -> 0 | L198: =MATCH(_xlfn.CONCAT($B198,H$117),변환표준점수!$C$4:$ZZ$4,0) -> #N/A | M198: =MATCH(_xlfn.CONCAT($B198,I$117),변환표준점수!$C$4:$ZZ$4,0) -> #N/A | N198: =MATCH(_xlfn.CONCAT($B198,J$117),변환표준점수!$C$4:$ZZ$4,0) -> #N/A | O198: =MATCH(_xlfn.CONCAT($B198,K$117),변환표준점수!$C$4:$ZZ$4,0) -> #N/A

Sheet 배치점수 계산기
E4: 1
D5: =IF(E4=1,"표준점수 기준",IF(E4=9,"원점수 기준")) -> 표준점수 기준
A7: 나 | B7: 다 | L7: 보↓ | T7: *삭제가능열 | RJ7: .
H8: 표준점수 기준 산출점수 | J8: 문표 | K8: 통탐 | L8: 적용
A9: 992 | B9: 1890 | C9: 2275 | G9: 통합탐구, | H9: 인원비 적용통합수능, 영어등급기준 26수능 | L9: 2025학년도 예상변표 | M9: 반영방법
A10: 연번 | B10: 학과연번 | C10: 모집군 | D10: 대학 | E10: 학과 | F10: 계열 | G10: 영어기준 | H10: 합격확률90% | I10: 합격확률 70% | J10: 합격확률 40% | K10: 합격확률 10% | L10: 합격확률 3% | M10: 국.수 | N10: 탐구
A11: 5 | B11: 60 | C11: 가 | D11: 연세대 | E11: 시스템반도체공학과 | F11: 자연 | G11: 1 | H11: 670.259 | I11: 669.463 | J11: 668.39 | K11: 663.419 | L11: 657.803 | M11: 표점 | N11: 변표 | O11: 가1 | T11: =INDEX(환산공식!$E$16:$E$303,MATCH('배치점수 계산기'!A11,환산공식!$C$16:$C$303,0)) -> 연세대 자연 | U11: =A11 -> 5 | V11: =IF(OR(D11=0,D11=""),"",IF(LEFT(D11,1)=LEFT(T11,1),1,2)) -> 1 | W11: =IFERROR(INDEX(환산공식!Y$16:Y$302,MATCH($A11,환산공식!$C$16:$C$302,0)),"") -> 1.0555556 | X11: =IFERROR(INDEX(환산공식!Z$16:Z$302,MATCH($A11,환산공식!$C$16:$C$302,0)),"") -> 1.5833333 | Y11: =IFERROR(INDEX(환산공식!AC$16:AC$302,MATCH($A11,환산공식!$C$16:$C$302,0)),"") -> 1.5833333 | Z11: =W11/($W11+$X11+$Y11) -> 0.25 | AA11: =X11/($W11+$X11+$Y11) -> 0.375 | AB11: =Y11/($W11+$X11+$Y11) -> 0.375 | AC11: =INDEX(환산공식!$AQ$16:$AQ$303,MATCH('배치점수 계산기'!U11,환산공식!$C$16:$C$303,0)) -> 1 | AD11: =INDEX(환산공식!$BA$16:$BA$303,MATCH('배치점수 계산기'!U11,환산공식!$C$16:$C$303,0)) -> 4 | AE11: =IF(AC11=1,"표점",IF(AC11=12,"표점/만점",IF(AC11=2,"백분위"))) -> 표점 | AF11: =IF(AD11=1,"표점",IF(AD11=12,"표점/만점",IF(AD11=2,"백분위",IF(AD11=4,"변표",IF(AD11=42,"변표/만점"))))) -> 변표
A12: 5 | B12: 59 | C12: 가 | D12: 연세대 | E12: 전기전자공학부 | F12: 자연 | G12: 1 | H12: 665.026 | I12: 664.514 | J12: 662.35 | K12: 661.072 | L12: 656.12 | M12: 표점 | N12: 변표 | O12: 가2
A13: 5 | B13: 58 | C13: 가 | D13: 연세대 | E13: 첨단컴퓨팅학부 | F13: 자연 | G13: 1 | H13: 666.6 | I13: 665.026 | J13: 661.688 | K13: 657.592 | L13: 654.384 | M13: 표점 | N13: 변표 | O13: 가3
A14: 5 | B14: 64 | C14: 가 | D14: 연세대 | E14: 기계공학부 | F14: 자연 | G14: 1 | H14: 663.82 | I14: 663.169 | J14: 661.688 | K14: 660.147 | L14: 657.027 | M14: 표점 | N14: 변표 | O14: 가4
A15: 5 | B15: 65 | C15: 가 | D15: 연세대 | E15: 신소재공학부 | F15: 자연 | G15: 1 | H15: 663.419 | I15: 663.169 | J15: 661.688 | K15: 660.147 | L15: 656.62 | M15: 표점 | N15: 변표 | O15: 가5
A16: 5 | B16: 70 | C16: 가 | D16: 연세대 | E16: 생명공학과 | F16: 자연 | G16: 1 | H16: 663.82 | I16: 663.169 | J16: 661.688 | K16: 656.726 | L16: 653.339 | M16: 표점 | N16: 변표 | O16: 가6
A17: 5 | B17: 66 | C17: 가 | D17: 연세대 | E17: 산업공학과 | F17: 자연 | G17: 1 | H17: 664.392 | I17: 663.169 | J17: 661.494 | K17: 657.291 | L17: 654.49 | M17: 표점 | N17: 변표 | O17: 가7
A18: 5 | B18: 67 | C18: 가 | D18: 연세대 | E18: 화공생명공학부 | F18: 자연 | G18: 1 | H18: 663.169 | I18: 662.536 | J18: 661.072 | K18: 656.726 | L18: 652.759 | M18: 표점 | N18: 변표 | O18: 가8
A19: 5 | B19: 68 | C19: 가 | D19: 연세대 | E19: 생화학과 | F19: 자연 | G19: 1 | H19: 664.514 | I19: 663.047 | J19: 661.072 | K19: 659.581 | L19: 656.339 | M19: 표점 | N19: 변표 | O19: 가9
A20: 5 | B20: 75 | C20: 가 | D20: 연세대 | E20: 화학과 | F20: 자연 | G20: 1 | H20: 663.419 | I20: 662.536 | J20: 661.072 | K20: 659.386 | L20: 656.726 | M20: 표점 | N20: 변표 | O20: 가10
A21: 5 | B21: 73 | C21: 가 | D21: 연세대 | E21: 수학과 | F21: 자연 | G21: 1 | H21: 663.419 | I21: 662.35 | J21: 660.674 | K21: 659.386 | L21: 656.62 | M21: 표점 | N21: 변표 | O21: 가11
A22: 5 | B22: 61 | C22: 가 | D22: 연세대 | E22: 지능형반도체전공 | F22: 자연 | G22: 1 | H22: 663.169 | I22: 662.536 | J22: 660.147 | K22: 657.291 | L22: 654.49 | M22: 표점 | N22: 변표 | O22: 가12
A23: 5 | B23: 62 | C23: 가 | D23: 연세대 | E23: 디스플레이융합공학과 | F23: 자연 | G23: 1 | H23: 661.688 | I23: 660.674 | J23: 657.803 | K23: 657.027 | L23: 652.847 | M23: 표점 | N23: 변표 | O23: 가13
... A108: 9 | B108: 131 | C108: 가 | D108: 고려대 | E108: 반도체공학과 | F108: 자연 | G108: 1 | H108: 658.71 | I108: 655.445 | J108: 653.007 | K108: 647.972 | L108: 642.092 | M108: 표점 | N108: 변표 | O108: 가98
A109: 9 | B109: 156 | C109: 가 | D109: 고려대 | E109: 생명과학부(교과) | F109: 자연 | G109: 1 | H109: #N/A | I109: #N/A | J109: #N/A | K109: #N/A | L109: #N/A | M109: 표점 | N109: 변표 | O109: 1
A110: 9 | B110: 157 | C110: 가 | D110: 고려대 | E110: 생명공학부(교과) | F110: 자연 | G110: 1 | H110: #N/A | I110: #N/A | J110: #N/A | K110: #N/A | L110: #N/A | M110: 표점 | N110: 변표 | O110: 1
A111: 9 | B111: 158 | C111: 가 | D111: 고려대 | E111: 식품공학과(교과) | F111: 자연 | G111: 1 | H111: #N/A | I111: #N/A | J111: #N/A | K111: #N/A | L111: #N/A | M111: 표점 | N111: 변표 | O111: 1
A112: 9 | B112: 159 | C112: 가 | D112: 고려대 | E112: 환경생태공학부(교과) | F112: 자연 | G112: 1 | H112: #N/A | I112: #N/A | J112: #N/A | K112: #N/A | L112: #N/A | M112: 표점 | N112: 변표 | O112: 1
A113: 9 | B113: 160 | C113: 가 | D113: 고려대 | E113: 수학과(교과) | F113: 자연 | G113: 1 | H113: #N/A | I113: #N/A | J113: #N/A | K113: #N/A | L113: #N/A | M113: 표점 | N113: 변표 | O113: 1
A114: 9 | B114: 161 | C114: 가 | D114: 고려대 | E114: 물리학과(교과) | F114: 자연 | G114: 1 | H114: #N/A | I114: #N/A | J114: #N/A | K114: #N/A | L114: #N/A | M114: 표점 | N114: 변표 | O114: 1
A115: 9 | B115: 162 | C115: 가 | D115: 고려대 | E115: 화학과(교과) | F115: 자연 | G115: 1 | H115: #N/A | I115: #N/A | J115: #N/A | K115: #N/A | L115: #N/A | M115: 표점 | N115: 변표 | O115: 1
A116: 9 | B116: 163 | C116: 가 | D116: 고려대 | E116: 지구환경과학과(교과) | F116: 자연 | G116: 1 | H116: #N/A | I116: #N/A | J116: #N/A | K116: #N/A | L116: #N/A | M116: 표점 | N116: 변표 | O116: 1
A117: 9 | B117: 164 | C117: 가 | D117: 고려대 | E117: 공과대학(교과) | F117: 자연 | G117: 1 | H117: #N/A | I117: #N/A | J117: #N/A | K117: #N/A | L117: #N/A | M117: 표점 | N117: 변표 | O117: 1
A118: 9 | B118: 165 | C118: 가 | D118: 고려대 | E118: 화공생명공학과(교과) | F118: 자연 | G118: 1 | H118: #N/A | I118: #N/A | J118: #N/A | K118: #N/A | L118: #N/A | M118: 표점 | N118: 변표 | O118: 1
A119: 9 | B119: 166 | C119: 가 | D119: 고려대 | E119: 신소재공학부(교과) | F119: 자연 | G119: 1 | H119: #N/A | I119: #N/A | J119: #N/A | K119: #N/A | L119: #N/A | M119: 표점 | N119: 변표 | O119: 1
A120: 9 | B120: 167 | C120: 가 | D120: 고려대 | E120: 건축사회환경공학부(교과) | F120: 자연 | G120: 1 | H120: #N/A | I120: #N/A | J120: #N/A | K120: #N/A | L120: #N/A | M120: 표점 | N120: 변표 | O120: 1
... A133: 9 | B133: 181 | C133: 가 | D133: 고려대 | E133: 스마트보안학부(교과) | F133: 자연 | G133: 1 | H133: #N/A | I133: #N/A | J133: #N/A | K133: #N/A | L133: #N/A | M133: 표점 | N133: 변표 | O133: 1
A134: 11 | B134: 184 | C134: 가 | D134: 고려대 | E134: 경제학과 | F134: 통합 | G134: 1 | H134: 660.274 | I134: 659.71 | J134: 658.287 | K134: 653.409 | L134: 649.836 | M134: 표점 | N134: 변표 | O134: 가99
A135: 11 | B135: 185 | C135: 가 | D135: 고려대 | E135: 경영대학 | F135: 통합 | G135: 1 | H135: 661.049 | I135: 659.71 | J135: 658.287 | K135: 654.064 | L135: 651.884 | M135: 표점 | N135: 변표 | O135: 가100
A136: 11 | B136: 187 | C136: 가 | D136: 고려대 | E136: 통계학과 | F136: 통합 | G136: 1 | H136: 661.371 | I136: 659.207 | J136: 657.843 | K136: 655.183 | L136: 653.409 | M136: 표점 | N136: 변표 | O136: 가101
A137: 11 | B137: 183 | C137: 가 | D137: 고려대 | E137: 자유전공학부 | F137: 통합 | G137: 1 | H137: 659.029 | I137: 658.287 | J137: 656.829 | K137: 654.41 | L137: 652.42 | M137: 표점 | N137: 변표 | O137: 가102
A138: 11 | B138: 186 | C138: 가 | D138: 고려대 | E138: 식품자원경제학과 | F138: 통합 | G138: 1 | H138: 658.703 | I138: 657.129 | J138: 655.183 | K138: 653.529 | L138: 651.884 | M138: 표점 | N138: 변표 | O138: 가103
A139: 11 | B139: 190 | C139: 가 | D139: 고려대 | E139: 미디어학부 | F139: 통합 | G139: 1 | H139: 659.029 | I139: 657.129 | J139: 654.41 | K139: 653.409 | L139: 652.42 | M139: 표점 | N139: 변표 | O139: 가104
A140: 11 | B140: 196 | C140: 가 | D140: 고려대 | E140: 행정학과 | F140: 통합 | G140: 1 | H140: 658.703 | I140: 657.843 | J140: 654.23 | K140: 653.409 | L140: 652.443 | M140: 표점 | N140: 변표 | O140: 가105
A141: 11 | B141: 188 | C141: 가 | D141: 고려대 | E141: 심리학부 | F141: 통합 | G141: 1 | H141: 658.287 | I141: 655.826 | J141: 654.064 | K141: 652.443 | L141: 650.937 | M141: 표점 | N141: 변표 | O141: 가106
A142: 11 | B142: 201 | C142: 가 | D142: 고려대 | E142: 정치외교학과 | F142: 통합 | G142: 1 | H142: 657.129 | I142: 656.361 | J142: 654.064 | K142: 652.801 | L142: 651.884 | M142: 표점 | N142: 변표 | O142: 가107
A143: 11 | B143: 200 | C143: 가 | D143: 고려대 | E143: 사회학과 | F143: 통합 | G143: 1 | H143: 655.826 | I143: 654.41 | J143: 653.409 | K143: 651.407 | L143: 649.836 | M143: 표점 | N143: 변표 | O143: 가108
A144: 11 | B144: 191 | C144: 가 | D144: 고려대 | E144: 보건정책관리학부 | F144: 통합 | G144: 1 | H144: 656.829 | I144: 654.41 | J144: 652.563 | K144: 651.764 | L144: 650.46 | M144: 표점 | N144: 변표 | O144: 가109
A145: 11 | B145: 195 | C145: 가 | D145: 고려대 | E145: 교육학과 | F145: 통합 | G145: 1 | H145: 655.349 | I145: 654.064 | J145: 652.563 | K145: 652.004 | L145: 650.937 | M145: 표점 | N145: 변표 | O145: 가110
... A165: 11 | B165: 211 | C165: 가 | D165: 고려대 | E165: 한문학과 | F165: 통합 | G165: 1 | H165: 652.004 | I165: 650.46 | J165: 649.836 | K165: 649.12 | L165: 648.303 | M165: 표점 | N165: 변표 | O165: 가130
A166: 11 | B166: 216 | C166: 가 | D166: 고려대 | E166: 경영대학(교과) | F166: 통합 | G166: 1 | H166: #N/A | I166: #N/A | J166: #N/A | K166: #N/A | L166: #N/A | M166: 표점 | N166: 변표 | O166: 1
A167: 11 | B167: 217 | C167: 가 | D167: 고려대 | E167: 국어국문학과(교과) | F167: 통합 | G167: 1 | H167: #N/A | I167: #N/A | J167: #N/A | K167: #N/A | L167: #N/A | M167: 표점 | N167: 변표 | O167: 1
A168: 11 | B168: 218 | C168: 가 | D168: 고려대 | E168: 철학과(교과) | F168: 통합 | G168: 1 | H168: #N/A | I168: #N/A | J168: #N/A | K168: #N/A | L168: #N/A | M168: 표점 | N168: 변표 | O168: 1
A169: 11 | B169: 219 | C169: 가 | D169: 고려대 | E169: 한국사학과(교과) | F169: 통합 | G169: 1 | H169: #N/A | I169: #N/A | J169: #N/A | K169: #N/A | L169: #N/A | M169: 표점 | N169: 변표 | O169: 1
A170: 11 | B170: 220 | C170: 가 | D170: 고려대 | E170: 사학과(교과) | F170: 통합 | G170: 1 | H170: #N/A | I170: #N/A | J170: #N/A | K170: #N/A | L170: #N/A | M170: 표점 | N170: 변표 | O170: 1
A171: 11 | B171: 221 | C171: 가 | D171: 고려대 | E171: 사회학과(교과) | F171: 통합 | G171: 1 | H171: #N/A | I171: #N/A | J171: #N/A | K171: #N/A | L171: #N/A | M171: 표점 | N171: 변표 | O171: 1
A172: 11 | B172: 222 | C172: 가 | D172: 고려대 | E172: 한문학과(교과) | F172: 통합 | G172: 1 | H172: #N/A | I172: #N/A | J172: #N/A | K172: #N/A | L172: #N/A | M172: 표점 | N172: 변표 | O172: 1
A173: 11 | B173: 223 | C173: 가 | D173: 고려대 | E173: 영어영문학과(교과) | F173: 통합 | G173: 1 | H173: #N/A | I173: #N/A | J173: #N/A | K173: #N/A | L173: #N/A | M173: 표점 | N173: 변표 | O173: 1
A174: 11 | B174: 224 | C174: 가 | D174: 고려대 | E174: 독어독문학과(교과) | F174: 통합 | G174: 1 | H174: #N/A | I174: #N/A | J174: #N/A | K174: #N/A | L174: #N/A | M174: 표점 | N174: 변표 | O174: 1
A175: 11 | B175: 225 | C175: 가 | D175: 고려대 | E175: 불어불문학과(교과) | F175: 통합 | G175: 1 | H175: #N/A | I175: #N/A | J175: #N/A | K175: #N/A | L175: #N/A | M175: 표점 | N175: 변표 | O175: 1
A176: 11 | B176: 226 | C176: 가 | D176: 고려대 | E176: 중어중문학과(교과) | F176: 통합 | G176: 1 | H176: #N/A | I176: #N/A | J176: #N/A | K176: #N/A | L176: #N/A | M176: 표점 | N176: 변표 | O176: 1
A177: 11 | B177: 227 | C177: 가 | D177: 고려대 | E177: 노어노문학과(교과) | F177: 통합 | G177: 1 | H177: #N/A | I177: #N/A | J177: #N/A | K177: #N/A | L177: #N/A | M177: 표점 | N177: 변표 | O177: 1
... A197: 11 | B197: 247 | C197: 가 | D197: 고려대 | E197: 심리학부(교과) | F197: 통합 | G197: 1 | H197: #N/A | I197: #N/A | J197: #N/A | K197: #N/A | L197: #N/A | M197: 표점 | N197: 변표 | O197: 1
A198: 273 | B198: 278 | C198: 가 | D198: 성균관대 | E198: 반도체시스템공학과 | F198: 자연 | G198: 1 | H198: 671.531 | I198: 670.406 | J198: 668.996 | K198: 666.385 | L198: 658.63 | M198: 표점 | N198: 변표 | O198: 가131
A199: 273 | B199: 290 | C199: 가 | D199: 성균관대 | E199: 자유전공계열 | F199: 자연 | G199: 1 | H199: 657.808 | I199: 656.725 | J199: 655.951 | K199: 654.808 | L199: 653.047 | M199: 표점 | N199: 변표 | O199: 가132
A200: 279 | B200: 288 | C200: 가 | D200: 성균관대 | E200: 컴퓨터교육과 | F200: 자연 | G200: 1 | H200: 508.154 | I200: 507.624 | J200: 506.758 | K200: 506.275 | L200: 505.757 | M200: 표점 | N200: 변표 | O200: 가133
A201: 273 | B201: 286 | C201: 가 | D201: 성균관대 | E201: 자연과학계열 | F201: 자연 | G201: 1 | H201: 652.477 | I201: 651.685 | J201: 650.799 | K201: 650.149 | L201: 649.814 | M201: 표점 | N201: 변표 | O201: 가134
A202: 276 | B202: 293 | C202: 가 | D202: 성균관대 | E202: 글로벌융합학부 | F202: 통합 | G202: 1 | H202: 658.206 | I202: 656.116 | J202: 653.475 | K202: 650.645 | L202: 649.138 | M202: 표점 | N202: 변표 | O202: 가135
A203: 276 | B203: 298 | C203: 가 | D203: 성균관대 | E203: 글로벌경제학과 | F203: 통합 | G203: 1 | H203: 652.428 | I203: 651.594 | J203: 650.645 | K203: 647.35 | L203: 645.405 | M203: 표점 | N203: 변표 | O203: 가136
A204: 276 | B204: 276 | C204: 가 | D204: 성균관대 | E204: 의상학과 | F204: 통합 | G204: 1 | H204: 652.015 | I204: 650.651 | J204: 649.817 | K204: 649.138 | L204: 647.628 | M204: 표점 | N204: 변표 | O204: 가137
A205: 276 | B205: 295 | C205: 가 | D205: 성균관대 | E205: 사회과학계열 | F205: 통합 | G205: 1 | H205: 651.244 | I205: 650.049 | J205: 649.177 | K205: 647.86 | L205: 646.434 | M205: 표점 | N205: 변표 | O205: 가138
A206: 26 | B206: 320 | C206: 가 | D206: 한양대 | E206: 산업공학과 | F206: 자연 | G206: 1 | H206: 851.866 | I206: 851.01 | J206: 850.209 | K206: 848.941 | L206: 847.727 | M206: 표점/만점 | N206: 변표/만점 | O206: 가139
A207: 26 | B207: 318 | C207: 가 | D207: 한양대 | E207: 기계공학부 | F207: 자연 | G207: 1 | H207: 851.866 | I207: 851.01 | J207: 849.478 | K207: 847.28 | L207: 846.216 | M207: 표점/만점 | N207: 변표/만점 | O207: 가140
A208: 26 | B208: 319 | C208: 가 | D208: 한양대 | E208: 원자력공학과 | F208: 자연 | G208: 1 | H208: 851.01 | I208: 849.797 | J208: 848.719 | K208: 847.436 | L208: 845.556 | M208: 표점/만점 | N208: 변표/만점 | O208: 가141
A209: 26 | B209: 312 | C209: 가 | D209: 한양대 | E209: 바이오메디컬공학전공 | F209: 자연 | G209: 1 | H209: 850.209 | I209: 849.478 | J209: 848.292 | K209: 847.504 | L209: 846.369 | M209: 표점/만점 | N209: 변표/만점 | O209: 가142
... A475: 67 | B475: 787 | C475: 가 | D475: 국민대 | E475: 나노소재전공 | F475: 자연 | G475: 2 | H475: 698.535 | I475: 695.439 | J475: 692.625 | K475: 690.804 | L475: 682.77 | M475: 표점 | N475: 표점 | O475: 가408
A476: 67 | B476: 777 | C476: 가 | D476: 국민대 | E476: 건설시스템공학부 | F476: 자연 | G476: 2 | H476: #N/A | I476: #N/A | J476: #N/A | K476: #N/A | L476: #N/A | M476: 표점 | N476: 표점 | O476: 1
A477: 67 | B477: 781 | C477: 가 | D477: 국민대 | E477: 경영정보학부(자연) | F477: 자연 | G477: 2 | H477: #N/A | I477: #N/A | J477: #N/A | K477: #N/A | L477: #N/A | M477: 표점 | N477: 표점 | O477: 1
A478: 67 | B478: 785 | C478: 가 | D478: 국민대 | E478: 식품영양학과 | F478: 자연 | G478: 2 | H478: #N/A | I478: #N/A | J478: #N/A | K478: #N/A | L478: #N/A | M478: 표점 | N478: 표점 | O478: 1
A479: 68 | B479: 802 | C479: 가 | D479: 국민대 | E479: 경영학부 | F479: 통합 | G479: 2 | H479: 696.2 | I479: 693.606 | J479: 691.046 | K479: 687.786 | L479: 682.766 | M479: 표점 | N479: 표점 | O479: 가409
A480: 70 | B480: 791 | C480: 가 | D480: 국민대 | E480: 자유전공(B) | F480: 통합 | G480: 2 | H480: 661.84 | I480: 659.309 | J480: 656.28 | K480: 653.449 | L480: 650.269 | M480: 표점 | N480: 표점 | O480: 가410
A481: 68 | B481: 797 | C481: 가 | D481: 국민대 | E481: 비즈니스IT전공 | F481: 통합 | G481: 2 | H481: 694.944 | I481: 692.37 | J481: 689.91 | K481: 687.3 | L481: 682.43 | M481: 표점 | N481: 표점 | O481: 가411
A482: 68 | B482: 805 | C482: 가 | D482: 국민대 | E482: 교육학과 | F482: 통합 | G482: 2 | H482: 689.76 | I482: 687.516 | J482: 685.31 | K482: 683.05 | L482: 680.39 | M482: 표점 | N482: 표점 | O482: 가412
A483: 79 | B483: 892 | C483: 가 | D483: 세종대 | E483: IT계열 | F483: 자연 | G483: 2 | H483: 713.116 | I483: 710.606 | J483: 706.617 | K483: 704.682 | L483: 700.928 | M483: 표점 | N483: 변표 | O483: 가413
A484: 79 | B484: 898 | C484: 가 | D484: 세종대 | E484: 지능형드론융합전공 | F484: 자연 | G484: 2 | H484: 708.465 | I484: 705.746 | J484: 703.082 | K484: 701.354 | L484: 698.119 | M484: 표점 | N484: 변표 | O484: 가414
A485: 78 | B485: 897 | C485: 가 | D485: 세종대 | E485: 자연생명계열 | F485: 자연 | G485: 2 | H485: 714.825 | I485: 712.396 | J485: 709.826 | K485: 708.089 | L485: 704.852 | M485: 표점 | N485: 변표 | O485: 가415
A486: 78 | B486: 894 | C486: 가 | D486: 세종대 | E486: 스마트생명산업융합학과 | F486: 자연 | G486: 2 | H486: 713.982 | I486: 712.023 | J486: 709.347 | K486: 707.668 | L486: 704.327 | M486: 표점 | N486: 변표 | O486: 가416
A487: 79 | B487: 900 | C487: 가 | D487: 세종대 | E487: IT계열(농어촌) | F487: 자연 | G487: 2 | H487: 691.635 | I487: 689.063 | J487: 687.901 | K487: 682.177 | L487: 675.036 | M487: 표점 | N487: 변표 | O487: 가417
A488: 79 | B488: 904 | C488: 가 | D488: 세종대 | E488: 지능형드론융합전공(농어촌) | F488: 자연 | G488: 2 | H488: 689.939 | I488: 688.372 | J488: 685.599 | K488: 682.812 | L488: 679.234 | M488: 표점 | N488: 변표 | O488: 가418
A489: 78 | B489: 899 | C489: 가 | D489: 세종대 | E489: 자연생명계열(농어촌) | F489: 자연 | G489: 2 | H489: 694.947 | I489: 693.283 | J489: 690.64 | K489: 688.099 | L489: 684.427 | M489: 표점 | N489: 변표 | O489: 가419
A490: 80 | B490: 911 | C490: 가 | D490: 세종대 | E490: 인문사회계열 | F490: 통합 | G490: 2 | H490: 701.2 | I490: 698.432 | J490: 695.722 | K490: 693.201 | L490: 689.631 | M490: 표점 | N490: 변표 | O490: 가420
... A690: 195 | B690: 1623 | C690: 가 | D690: 경북대 | E690: 원예과학과 | F690: 자연 | G690: 2 | H690: 651.357 | I690: 649.456 | J690: 645.417 | K690: 641.063 | L690: 636.124 | M690: 표점 | N690: 변표 | O690: 가620
A691: 195 | B691: 1597 | C691: 가 | D691: 경북대 | E691: 응용화학과 | F691: 자연 | G691: 2 | H691: #N/A | I691: #N/A | J691: #N/A | K691: #N/A | L691: #N/A | M691: 표점 | N691: 변표 | O691: 1
A692: 193 | B692: 1660 | C692: 가 | D692: 경북대 | E692: 심리학과 | F692: 통합 | G692: 2 | H692: 684.13 | I692: 680.977 | J692: 675.688 | K692: 670.223 | L692: 664.123 | M692: 표점 | N692: 변표 | O692: 가621
A693: 193 | B693: 1657 | C693: 가 | D693: 경북대 | E693: 경영학부 | F693: 통합 | G693: 2 | H693: 680.121 | I693: 678.605 | J693: 673.816 | K693: 669.742 | L693: 664.668 | M693: 표점 | N693: 변표 | O693: 가622
A694: 193 | B694: 1662 | C694: 가 | D694: 경북대 | E694: 영어교육과 | F694: 통합 | G694: 2 | H694: 674.004 | I694: 671.96 | J694: 668.741 | K694: 664.123 | L694: 658.838 | M694: 표점 | N694: 변표 | O694: 가623
A695: 193 | B695: 1685 | C695: 가 | D695: 경북대 | E695: 사회과학대학 자율학부 | F695: 통합 | G695: 2 | H695: 668.913 | I695: 666.053 | J695: 663.093 | K695: 659.537 | L695: 654.683 | M695: 표점 | N695: 변표 | O695: 가624
A696: 193 | B696: 1669 | C696: 가 | D696: 경북대 | E696: 사회학과 | F696: 통합 | G696: 2 | H696: 669.33 | I696: 666.365 | J696: 662.906 | K696: 659.025 | L696: 653.908 | M696: 표점 | N696: 변표 | O696: 가625
A697: 193 | B697: 1680 | C697: 가 | D697: 경북대 | E697: 식품자원경제학과 | F697: 통합 | G697: 2 | H697: 668.741 | I697: 665.673 | J697: 662.202 | K697: 658.4 | L697: 653.178 | M697: 표점 | N697: 변표 | O697: 가626
A698: 193 | B698: 1655 | C698: 가 | D698: 경북대 | E698: 윤리교육과 | F698: 통합 | G698: 2 | H698: 664.603 | I698: 663.199 | J698: 660.15 | K698: 656.503 | L698: 651.522 | M698: 표점 | N698: 변표 | O698: 가627
A699: 193 | B699: 1682 | C699: 가 | D699: 경북대 | E699: 일반사회교육과 | F699: 통합 | G699: 2 | H699: 664.017 | I699: 662.538 | J699: 659.724 | K699: 653.908 | L699: 647.203 | M699: 표점 | N699: 변표 | O699: 가628
A700: 193 | B700: 1677 | C700: 가 | D700: 경북대 | E700: 지리학과 | F700: 통합 | G700: 2 | H700: 664.812 | I700: 662.726 | J700: 659.201 | K700: 655.3 | L700: 650.088 | M700: 표점 | N700: 변표 | O700: 가629
A701: 193 | B701: 1672 | C701: 가 | D701: 경북대 | E701: 불어불문학과 | F701: 통합 | G701: 2 | H701: 664.603 | I701: 662.433 | J701: 658.838 | K701: 655.007 | L701: 649.858 | M701: 표점 | N701: 변표 | O701: 가630
A702: 193 | B702: 1683 | C702: 가 | D702: 경북대 | E702: 철학과 | F702: 통합 | G702: 2 | H702: 663.492 | I702: 661.229 | J702: 657.619 | K702: 653.908 | L702: 648.963 | M702: 표점 | N702: 변표 | O702: 가631
...

Sheet 환산공식
G2: =' 본인점수 입력 '!AE3 -> (1~2) | H2: =' 본인점수 입력 '!AF3 -> (3~5) | I2: =' 본인점수 입력 '!AG3 -> (6~13) | J2: =' 본인점수 입력 '!AH3 -> 0 | K2: =' 본인점수 입력 '!AI3 -> (10~13) | L2: =' 본인점수 입력 '!AJ3 -> (14~22) | M2: =' 본인점수 입력 '!AK3 -> 0 | N2: =' 본인점수 입력 '!AL3 -> 23 | ... P2: =' 본인점수 입력 '!AN3 -> 25 | AU2: =K13 -> 미응시 | BN2: =' 본인점수 입력 '!B6 -> 국어 | BP2: =' 본인점수 입력 '!D6 -> 수학 | BS2: =' 본인점수 입력 '!G6 -> 과탐 | CA2: =' 본인점수 입력 '!O6 -> 사탐 | CJ2: =' 본인점수 입력 '!B13 -> 영어 | CK2: =' 본인점수 입력 '!C13 -> 한국사 | CL2: =' 본인점수 입력 '!D13 -> 제2외국어 | EL2: =CJ2 -> 영어 | EM2: =CK2 -> 한국사 | EN2: =CL2 -> 제2외국어 | EP2: (가산점용)
G3: =' 본인점수 입력 '!AE4 -> 적용점수 | H3: =' 본인점수 입력 '!AF4 -> 0 | I3: =' 본인점수 입력 '!AG4 -> 0 | J3: =' 본인점수 입력 '!AH4 -> 0 | K3: =' 본인점수 입력 '!AI4 -> 0 | L3: =' 본인점수 입력 '!AJ4 -> 0 | M3: =' 본인점수 입력 '!AK4 -> 0 | N3: =' 본인점수 입력 '!AL4 -> 0 | ... P3: =' 본인점수 입력 '!AN4 -> 0 | AQ3: =G6 -> 국어 | AR3: =H6 -> 수학 | AS3: =I6 -> 과탐1 | AT3: =J6 -> 과탐2 | AU3: =K6 -> 과탐Ⅱ | AV3: =L6 -> 사탐1 | AW3: =M6 -> 사탐2 | AX3: 탐구1 | AY3: 탐구2 | BN3: =' 본인점수 입력 '!B7 -> 언매 | BO3: =' 본인점수 입력 '!C7 -> 화작 | BP3: =' 본인점수 입력 '!D7 -> 미적 | BQ3: =' 본인점수 입력 '!E7 -> 기하 | BR3: =' 본인점수 입력 '!F7 -> 확통 | BS3: =' 본인점수 입력 '!G7 -> 물리Ⅰ | BT3: =' 본인점수 입력 '!H7 -> 화학Ⅰ | BU3: =' 본인점수 입력 '!I7 -> 생명과학Ⅰ | ... CI3: =' 본인점수 입력 '!W7 -> 사회문화 | EE3: =AP3 -> 0 | EF3: =AQ3 -> 국어 | EG3: =AR3 -> 수학 | EH3: =AS3 -> 과탐1 | EI3: =AT3 -> 과탐2 | EJ3: =AV3 -> 사탐1 | EK3: =AW3 -> 사탐2 | EP3: =AU3 -> 과탐Ⅱ
AP4: =F7 -> 원점 | AQ4: =G7 -> 0 | AR4: =H7 -> 0 | AS4: =I7 -> 0 | AT4: =J7 -> 0 | AU4: =K7 -> 0 | AV4: =L7 -> 0 | AW4: =M7 -> 0 | BM4: =' 본인점수 입력 '!A8 -> 원점수 | BN4: =IF(' 본인점수 입력 '!B8="",0,' 본인점수 입력 '!B8) -> 0 | BO4: =IF(' 본인점수 입력 '!C8="",0,' 본인점수 입력 '!C8) -> 0 | BP4: =IF(' 본인점수 입력 '!D8="",0,' 본인점수 입력 '!D8) -> 0 | BQ4: =IF(' 본인점수 입력 '!E8="",0,' 본인점수 입력 '!E8) -> 0 | BR4: =IF(' 본인점수 입력 '!F8="",0,' 본인점수 입력 '!F8) -> 0 | BS4: =IF(' 본인점수 입력 '!G8="",0,' 본인점수 입력 '!G8) -> 0 | BT4: =IF(' 본인점수 입력 '!H8="",0,' 본인점수 입력 '!H8) -> 0 | BU4: =IF(' 본인점수 입력 '!I8="",0,' 본인점수 입력 '!I8) -> 0 | ... BY4: =IF(' 본인점수 입력 '!M8="",0,' 본인점수 입력 '!M8) -> 0 | BZ4: =' 본인점수 입력 '!N8 -> 0 | CA4: =' 본인점수 입력 '!O8 -> 0 | CB4: =' 본인점수 입력 '!P8 -> 0 | CC4: =' 본인점수 입력 '!Q8 -> 0 | CD4: =' 본인점수 입력 '!R8 -> 0 | CE4: =' 본인점수 입력 '!S8 -> 0 | CF4: =' 본인점수 입력 '!T8 -> 0 | CG4: =' 본인점수 입력 '!U8 -> 0 | ... CI4: =' 본인점수 입력 '!W8 -> 0 | CJ4: =' 본인점수 입력 '!B14 -> 0 | CK4: =' 본인점수 입력 '!C14 -> 0 | CL4: =' 본인점수 입력 '!D14 -> 0 | ED4: 9 | EE4: =AP4 -> 원점 | EF4: =AQ4 -> 0 | EG4: =AR4 -> 0 | EH4: =AS4 -> 0 | EI4: =AT4 -> 0 | EJ4: =AV4 -> 0 | EK4: =AW4 -> 0 | EL4: =CJ4 -> 0 | EM4: =CK4 -> 0 | EN4: =CL4 -> 0 | EP4: =AU4 -> 0 | ET4: =(EF4+EG4+EH4+EI4+EJ4+EK4)/3 -> 0
G5: =' 본인점수 입력 '!AE6 -> 1 | H5: =' 본인점수 입력 '!AF6 -> 1 | I5: =' 본인점수 입력 '!AG6 -> 1 | J5: =' 본인점수 입력 '!AH6 -> 2 | K5: =' 본인점수 입력 '!AI6 -> 1 | L5: =' 본인점수 입력 '!AJ6 -> 1 | M5: =' 본인점수 입력 '!AK6 -> 2 | N5: =' 본인점수 입력 '!AL6 -> 1 | ... P5: =' 본인점수 입력 '!AN6 -> 1 | AP5: =F8 -> 표점 | AQ5: =G8 -> 0 | AR5: =H8 -> 0 | AS5: =I8 -> 0 | AT5: =J8 -> 0 | AU5: =K8 -> 0 | AV5: =L8 -> 0 | AW5: =M8 -> 0 | AX5: =LARGE(($AS5:$AT5,$AV5:$AW5),1) -> 0 | AY5: =LARGE(($AS5:$AT5,$AV5:$AW5),2) -> 0 | BM5: =' 본인점수 입력 '!A9 -> 표준점수 | BN5: =IF(' 본인점수 입력 '!B9="",0,' 본인점수 입력 '!B9) -> 0 | BO5: =IF(' 본인점수 입력 '!C9="",0,' 본인점수 입력 '!C9) -> 0 | BP5: =IF(' 본인점수 입력 '!D9="",0,' 본인점수 입력 '!D9) -> 0 | BQ5: =IF(' 본인점수 입력 '!E9="",0,' 본인점수 입력 '!E9) -> 0 | BR5: =IF(' 본인점수 입력 '!F9="",0,' 본인점수 입력 '!F9) -> 0 | BS5: =IF(' 본인점수 입력 '!G9="",0,' 본인점수 입력 '!G9) -> 0 | BT5: =IF(' 본인점수 입력 '!H9="",0,' 본인점수 입력 '!H9) -> 0 | BU5: =IF(' 본인점수 입력 '!I9="",0,' 본인점수 입력 '!I9) -> 0 | ... CI5: =IF(' 본인점수 입력 '!W9="",0,' 본인점수 입력 '!W9) -> 0 | CJ5: =' 본인점수 입력 '!B15 -> 0 | CK5: =' 본인점수 입력 '!C15 -> 0 | CL5: =' 본인점수 입력 '!D15 -> 0 | ED5: 1 | EE5: =AP5 -> 표점 | EF5: =AQ5 -> 0 | EG5: =AR5 -> 0 | EH5: =AS5 -> 0 | EI5: =AT5 -> 0 | EJ5: =AV5 -> 0 | EK5: =AW5 -> 0 | EL5: =CJ5 -> 0 | EM5: =CK5 -> 0 | EN5: =CL5 -> 0 | EP5: =AU5 -> 0 | ET5: =(EF5+EG5+EH5+EI5+EJ5+EK5)/3 -> 0
G6: =' 본인점수 입력 '!AE7 -> 국어 | H6: =' 본인점수 입력 '!AF7 -> 수학 | I6: =' 본인점수 입력 '!AG7 -> 과탐1 | J6: =' 본인점수 입력 '!AH7 -> 과탐2 | K6: =' 본인점수 입력 '!AI7 -> 과탐Ⅱ | L6: =' 본인점수 입력 '!AJ7 -> 사탐1 | M6: =' 본인점수 입력 '!AK7 -> 사탐2 | N6: =' 본인점수 입력 '!AL7 -> 영어 | ... P6: =' 본인점수 입력 '!AN7 -> 제2외국어 | AP6: =F9 -> 백분 | AQ6: =G9 -> 0 | AR6: =H9 -> 0 | AS6: =I9 -> 0 | AT6: =J9 -> 0 | AU6: =K9 -> 0 | AV6: =L9 -> 0 | AW6: =M9 -> 0 | AX6: =LARGE(($AS6:$AT6,$AV6:$AW6),1) -> 0 | AY6: =LARGE(($AS6:$AT6,$AV6:$AW6),2) -> 0 | BM6: =' 본인점수 입력 '!A10 -> 백분위 | BN6: =IF(' 본인점수 입력 '!B10="",0,' 본인점수 입력 '!B10) -> 0 | BO6: =IF(' 본인점수 입력 '!C10="",0,' 본인점수 입력 '!C10) -> 0 | BP6: =IF(' 본인점수 입력 '!D10="",0,' 본인점수 입력 '!D10) -> 0 | BQ6: =IF(' 본인점수 입력 '!E10="",0,' 본인점수 입력 '!E10) -> 0 | BR6: =IF(' 본인점수 입력 '!F10="",0,' 본인점수 입력 '!F10) -> 0 | BS6: =IF(' 본인점수 입력 '!G10="",0,' 본인점수 입력 '!G10) -> 0 | BT6: =IF(' 본인점수 입력 '!H10="",0,' 본인점수 입력 '!H10) -> 0 | BU6: =IF(' 본인점수 입력 '!I10="",0,' 본인점수 입력 '!I10) -> 0 | ... CI6: =IF(' 본인점수 입력 '!W10="",0,' 본인점수 입력 '!W10) -> 0 | CJ6: =' 본인점수 입력 '!B16 -> 0 | CK6: =' 본인점수 입력 '!C16 -> 0 | CL6: =' 본인점수 입력 '!D16 -> 0 | ED6: 2 | EE6: =AP6 -> 백분 | EF6: =AQ6 -> 0 | EG6: =AR6 -> 0 | EH6: =AS6 -> 0 | EI6: =AT6 -> 0 | EJ6: =AV6 -> 0 | EK6: =AW6 -> 0 | EL6: =CJ6 -> 0 | EM6: =CK6 -> 0 | EN6: =CL6 -> 0 | EP6: =AU6 -> 0 | ET6: =(EF6+EG6+(EH6+EI6+EJ6+EK6)/2)/3 -> 0
E7: 9 | F7: =' 본인점수 입력 '!AD8 -> 원점 | G7: =' 본인점수 입력 '!AE8 -> 0 | H7: =' 본인점수 입력 '!AF8 -> 0 | I7: =' 본인점수 입력 '!AG8 -> 0 | J7: =' 본인점수 입력 '!AH8 -> 0 | K7: =' 본인점수 입력 '!AI8 -> 0 | L7: =' 본인점수 입력 '!AJ8 -> 0 | M7: =' 본인점수 입력 '!AK8 -> 0 | ... P7: =' 본인점수 입력 '!AN8 -> 0 | AF7: =' 본인점수 입력 '!$Z$53 -> 69.823 | AG7: =' 본인점수 입력 '!$Z$53 -> 69.823 | AH7: =' 본인점수 입력 '!$Z$53 -> 69.823 | AI7: =' 본인점수 입력 '!$AA$53 -> 71.561 | AJ7: =' 본인점수 입력 '!$AA$53 -> 71.561 | AP7: =F10 -> 등급 | AQ7: =G10 -> 0 | AR7: =H10 -> 0 | AS7: =I10 -> 0 | AT7: =J10 -> 0 | AU7: =K10 -> 0 | AV7: =L10 -> 0 | AW7: =M10 -> 0 | AX7: =LARGE(($AS7:$AT7,$AV7:$AW7),1) -> 0 | AY7: =LARGE(($AS7:$AT7,$AV7:$AW7),2) -> 0 | BB7: 1 | BM7: =' 본인점수 입력 '!A11 -> 등급 | BN7: =IF(' 본인점수 입력 '!B11="",0,' 본인점수 입력 '!B11) -> 0 | BO7: =IF(' 본인점수 입력 '!C11="",0,' 본인점수 입력 '!C11) -> 0 | BP7: =IF(' 본인점수 입력 '!D11="",0,' 본인점수 입력 '!D11) -> 0 | BQ7: =IF(' 본인점수 입력 '!E11="",0,' 본인점수 입력 '!E11) -> 0 | BR7: =IF(' 본인점수 입력 '!F11="",0,' 본인점수 입력 '!F11) -> 0 | BS7: =IF(' 본인점수 입력 '!G11="",0,' 본인점수 입력 '!G11) -> 0 | BT7: =IF(' 본인점수 입력 '!H11="",0,' 본인점수 입력 '!H11) -> 0 | BU7: =IF(' 본인점수 입력 '!I11="",0,' 본인점수 입력 '!I11) -> 0 | ... CI7: =IF(' 본인점수 입력 '!W11="",0,' 본인점수 입력 '!W11) -> 0 | CJ7: =' 본인점수 입력 '!B17 | CK7: =' 본인점수 입력 '!C17 | CL7: =' 본인점수 입력 '!D17 | ED7: 3 | EE7: =AP7 -> 등급 | EF7: =AQ7 -> 0 | EG7: =AR7 -> 0 | EH7: =AS7 -> 0 | EI7: =AT7 -> 0 | EJ7: =AV7 -> 0 | EK7: =AW7 -> 0 | EL7: =CJ7 | EM7: =CK7 | EN7: =CL7 | EP7: =AU7 -> 0 | ET7: =(EF7+EG7+(EH7+EI7+EJ7+EK7)/2)/3 -> 0
E8: 1 | F8: =' 본인점수 입력 '!AD9 -> 표점 | G8: =' 본인점수 입력 '!AE9 -> 0 | H8: =' 본인점수 입력 '!AF9 -> 0 | I8: =' 본인점수 입력 '!AG9 -> 0 | J8: =' 본인점수 입력 '!AH9 -> 0 | K8: =' 본인점수 입력 '!AI9 -> 0 | L8: =' 본인점수 입력 '!AJ9 -> 0 | M8: =' 본인점수 입력 '!AK9 -> 0 | ... P8: =' 본인점수 입력 '!AN9 -> 0 | AF8: =AF7 -> 69.823 | AG8: =AG7 -> 69.823 | AH8: =AH7 -> 69.823 | AI8: =AI7 -> 71.561 | AJ8: =AJ7 -> 71.561 | BM8: =' 본인점수 입력 '!A21 -> 0 | BN8: =IF(' 본인점수 입력 '!B21="",0,' 본인점수 입력 '!B21) -> 언매 | BO8: =IF(' 본인점수 입력 '!C21="",0,' 본인점수 입력 '!C21) -> 화작 | BP8: =IF(' 본인점수 입력 '!D21="",0,' 본인점수 입력 '!D21) -> 미적 | BQ8: =IF(' 본인점수 입력 '!E21="",0,' 본인점수 입력 '!E21) -> 기하 | BR8: =IF(' 본인점수 입력 '!F21="",0,' 본인점수 입력 '!F21) -> 확통 | BS8: =IF(' 본인점수 입력 '!G21="",0,' 본인점수 입력 '!G21) -> 물리Ⅰ | BT8: =IF(' 본인점수 입력 '!H21="",0,' 본인점수 입력 '!H21) -> 화학Ⅰ | BU8: =IF(' 본인점수 입력 '!I21="",0,' 본인점수 입력 '!I21) -> 생명과학Ⅰ | ... CI8: =IF(' 본인점수 입력 '!W21="",0,' 본인점수 입력 '!W21) -> 사회문화 | CJ8: =' 본인점수 입력 '!X21 -> 0 | CK8: =' 본인점수 입력 '!Y21 -> 0 | CL8: =' 본인점수 입력 '!Z21 -> 0 | DM8: =COUNTIF(' 본인점수 입력 '!G43:N43,">"&0) -> 0 | DN8: =COUNTIF(' 본인점수 입력 '!O43:W43,">"&0) -> 0 | DO8: =COUNTIF(' 본인점수 입력 '!G43:W43,">"&0) -> 0 | DP8: =IF(' 본인점수 입력 '!D43=1,1,0) -> 0 | DQ8: =IF(OR(' 본인점수 입력 '!D43=1,' 본인점수 입력 '!E43=1),1,0) -> 0 | DR8: =IF(' 본인점수 입력 '!F43=1,1,0) -> 0 | DS8: =IF(COUNTIF(' 본인점수 입력 '!G43:N43,">"&0)>0,1,0) -> 0 | DT8: =COUNTIF(' 본인점수 입력 '!K43:N43,">"&0) -> 0 | DU8: =IF(COUNTIF(' 본인점수 입력 '!O43:W43,">"&0)>0,1,0) -> 0 | DV8: =IF(' 본인점수 입력 '!B43=1,1,0) -> 0 | DW8: 0 | DX8: =IF(' 본인점수 입력 '!Z43=1,1,0) -> 0 | DY8: =IF(I13=0,0,IF(LEFT(I13,2)=LEFT(J13,2),1,0)) -> 0 | ED8: 12 | EE8: 표점(만대) | EF8: =EF5 -> 0 | EG8: =EG5 -> 0 | EH8: =EH5 -> 0 | EI8: =EI5 -> 0 | EJ8: =EJ5 -> 0 | EK8: =EK5 -> 0 | EL8: =EL5 -> 0 | EM8: =EM5 -> 0 | EN8: =EN5 -> 0
E9: 2 | F9: =' 본인점수 입력 '!AD10 -> 백분 | G9: =' 본인점수 입력 '!AE10 -> 0 | H9: =' 본인점수 입력 '!AF10 -> 0 | I9: =' 본인점수 입력 '!AG10 -> 0 | J9: =' 본인점수 입력 '!AH10 -> 0 | K9: =' 본인점수 입력 '!AI10 -> 0 | L9: =' 본인점수 입력 '!AJ10 -> 0 | M9: =' 본인점수 입력 '!AK10 -> 0 | ... P9: =' 본인점수 입력 '!AN10 -> 0 | AF9: =AF8 -> 69.823 | AG9: =AG8 -> 69.823 | AH9: =AH8 -> 69.823 | AI9: =AI8 -> 71.561 | AJ9: =AJ8 -> 71.561 | AP9: =F12 -> 최고표점 | AQ9: =G12 -> 139 | AR9: =H12 -> 140 | AS9: =IF(AS6=0,' 본인점수 입력 '!Z53,I12) -> 69.823 | AT9: =IF(AT6=0,' 본인점수 입력 '!Z53,J12) -> 69.823 | AU9: =K12 -> 72 | AV9: =IF(AV6=0,' 본인점수 입력 '!AA53,L12) -> 71.561 | AW9: =IF(AW6=0,' 본인점수 입력 '!AA53,M12) -> 71.561 | AX9: =LARGE(($AS9:$AT9,$AV9:$AW9),1) -> 71.561 | AY9: =LARGE(($AS9:$AT9,$AV9:$AW9),2) -> 71.561 | EP9: 1
E10: 3 | F10: =' 본인점수 입력 '!AD11 -> 등급 | G10: =' 본인점수 입력 '!AE11 -> 0 | H10: =' 본인점수 입력 '!AF11 -> 0 | I10: =' 본인점수 입력 '!AG11 -> 0 | J10: =' 본인점수 입력 '!AH11 -> 0 | K10: =' 본인점수 입력 '!AI11 -> 0 | L10: =' 본인점수 입력 '!AJ11 -> 0 | M10: =' 본인점수 입력 '!AK11 -> 0 | ... P10: =' 본인점수 입력 '!AN11
E11: 4 | FL11: ----배치표에서 삭제할 영역---
F12: =' 본인점수 입력 '!AD17 -> 최고표점 | G12: =' 본인점수 입력 '!AE17 -> 139 | H12: =' 본인점수 입력 '!AF17 -> 140 | I12: =' 본인점수 입력 '!AG17 -> 72 | J12: =' 본인점수 입력 '!AH17 -> 72 | K12: =' 본인점수 입력 '!AI17 -> 72 | L12: =' 본인점수 입력 '!AJ17 -> 69 | M12: =' 본인점수 입력 '!AK17 -> 66 | ... P12: =' 본인점수 입력 '!AN17 -> 0
I13: =' 본인점수 입력 '!AG18 -> 지구과학II | J13: =' 본인점수 입력 '!AH18 -> 생명과학II | K13: =' 본인점수 입력 '!AI18 -> 미응시 | AF13: 1 | AG13: 2 | AI13: 1 | AJ13: 2
DK14: 영어실질 | DL14: 한국.외국 | ER14: =MATCH($AR$6,$BP$6:$BR$6,0) -> 1
Q15: T.B C | AD15: =G15 -> 0 | AE15: =H15 -> 0 | AF15: =I15 -> 0 | AG15: =J15 -> 0 | AI15: =L15 -> 0 | AJ15: =M15 -> 0 | CI15: 1 | CJ15: 2 | CK15: 3 | CL15: 4 | CM15: 5 | CN15: 6 | CO15: 7 | CP15: 8 | CQ15: 9 | CR15: 1 | CS15: 2 | CT15: 3 | CU15: 4 | CV15: 5 | CW15: 6 | CX15: 7 | CY15: 8 | CZ15: 9 | DA15: 1 | DB15: 2 | DC15: 3 | DD15: 4 | DE15: 5 | DF15: 6 | DG15: 7 | DH15: 8 | DI15: 9 | DJ15: 영어감점 | DK15: 반영비 | DL15: 감점 | DW15: 함수 | GH15: .
